Project,Total_Budget_Yen,Funding_Source,Contractor,Bid_Method,Department,First_Seen,Completed,Notes
御杖村小中学校統合施設整備工事 (Elementary/Junior High School Integration Facility),880000000,"Village general account (bond/subsidy mix, not itemized in minutes)",村本建設・松塚建設 特定建設工事共同企業体 (JV: Muramoto Construction Co. Nara branch + Matsuzuka Construction Co.),一般競争入札 (general competitive bid) - only 1 bidder,教育委員会 (Education) / 産業建設課,0209teireikaigijuroku (Sept 2020),Completed ~2021 (approx; completion report not isolated in this set),Only 1 bidder responded to the general competitive tender; councilor 木村忠雄 raised concerns this resembles a de facto negotiated (随意) contract and called it one of the ~3 largest-budget projects in village history
菅野体育館・公民館耐震改修工事 (Sugano Gym / Community Hall Seismic Retrofit),81571600,Village general account,"木村組 (Kimura-gumi,  Yamatokoriyama City)",一般競争入札 (general competitive bid),教育委員会 (Education),R4-3kaigiroku budget mention (2022),"R4-12kaigiroku shows a contract amendment (変更契約) - status ongoing/amended, final completion not isolated",Amended contract discussed R4-12; chain: R4-3 budget -> R4-6 award -> R4-12 change order -> R5-1 follow-up mention -> R5-9 mention
神末レクリェーション体育館耐震改修工事 (Kamisue Recreation Gym Seismic Retrofit),61380000,Village general account,"松塚建設株式会社 (Matsuzuka Construction Co.), 一般競争入札 (general competitive bid", 2 bidders),教育委員会 (Education),R5-6kaigiroku (2023),R5-11kaigiroku shows a variation/change contract (変更契約) - likely completed 2024,Chain: R5-6 award -> R5-11 change order (議案第39号)
"単身者集合住宅新築工事 (Single-Person Collective Housing, Kamisue)",134662000,Village general account (migration/settlement promotion project),"大和ハウス工業株式会社 (Daiwa House Industry Co.), 公募型プロポーザル方式 + 随意契約 (proposal-based negotiated contract", not open bid),むらづくり振興課 (Village Development),R5-1kaigiroku budget mention (Jan 2023),R6-1kaigiroku follow-up mention; completion target was March 2024 per contract terms,"8-unit apartment building for migrants; negotiated (プロポーザル) rather than competitive-bid procurement, contract ceiling ¥147.18M, awarded at ¥134.662M"
桃俣地区公衆トイレ整備工事 (Momomata Public Toilet),75900000,Village general account (tourism/development),松塚建設株式会社 (Matsuzuka Construction Co.),一般競争入札 (general competitive bid),むらづくり振興課 (Village Development),R5-6kaigiroku (2023),R5-4kaigiroku (議案第41号) shows a変更契約 (change order) - amount increased; final total not isolated,"Chain: R5-1 budget line (¥81.224M planned) -> R5-6 award ¥75.9M -> R5-4 change order (cost increase, exact new total not confirmed in extracted text) -> R6-1 mention"
桃俣地区配水管布設替工事 (Momomata Water Pipe Replacement),50930000,Village general account / simple water works account,中嶋建設株式会社 (Nakashima Construction Co.; rep. 中嶋敏治 Nakashima Toshiharu),指名競争入札 (DESIGNATED/invited competitive bid - narrower than general),住民生活課 (Resident Affairs) / 水道,R5-6kaigiroku (2023),R5-4kaigiroku (議案第42号) shows a変更契約 (change order),"FLAG: contractor's surname (中嶋) matches sitting Vice Mayor 中嶋英樹 (Nakashima Hideki). No evidence in the minutes that they are related - this is a factual coincidence noted for further verification, not an established conflict of interest. Bid method here is 指名競争入札 (designated/invited bidders chosen by the village) rather than the 一般競争入札 (open general) method used for the toilet and gym next door - worth checking who selected the invitee list."
御杖村保健福祉医療総合センター長寿命化改修工事 (Health & Welfare Medical Center Renovation),135539800,Village general account,"株式会社中尾組 代表取締役中尾隆成 (Nakao-gumi Co., Sakurai City, Nara — CORRECTED, was previously misattributed to Muramoto/Matsuzuka JV)",一般競争入札 (general competitive bid),福祉/教育 (Welfare/shared facility),kaigiroku (June 2024 - R6),"Awarded 2024; work period ~5/20/2024 start, completion date not isolated","Bid ¥123,218,000 vs estimate ¥133,933,000 (92.07% ratio, i.e. NOT a near-100% single-bidder pattern like the 2019/2020 cases)"
土屋原公民館・体育館耐震改修工事 (Tsuchiyahara Community Hall/Gym Seismic Retrofit),82830000,Village general account,"村本建設株式会社 (Muramoto Construction Co.,  Nara main branch)",一般競争入札 (general competitive bid) - only 1 bidder,教育委員会 (Education),R0109kaigiroku (Sept 2019 / Reiwa 1),Contract awarded 2019; target completion Feb 2020,"STRONG FLAG: contract awarded at 99.97% of the village's own estimated price (¥82,830,000 actual vs ¥82,852,330 estimate) with only 1 bidder in a general competitive tender. Councilor 木村忠雄 directly questioned this in session, called for continued/committee-level scrutiny, noting the near-full-price single-bid pattern 'raises the question of whether this is really competitive bidding.' Same contractor pattern (村本建設) recurs in the 2020 school JV."
御杖村定住促進住宅新築工事 (Settlement Promotion Housing),72576000,Village general account,株式会社坂口組 (Sakaguchi-gumi Co.),指名競争入札 (designated/invited competitive bid),むらづくり振興課/産業課,3001ka (Jan 2018 / Heisei 30),Awarded H30 (2018); completion not isolated in this set,
