id,section,declaration,first_page,title
1-1-1,1,1-1,5,"Through art, let us bond with the very origin of Inochi. Let us draw forth the quiet voices within our hearts, let them resonate with one another, and spread a spirit of cherishing Ino- chi throughout the world. The Inochi Orchestra was held at the EXPO Hall, with 6,000 attendees"
1-1-2,1,1-1,6,"Believing in the “power of song”, establish hubs where every child who loves singing can regularly experience music in their own communities, and enable more children to cultivate the strength to live. Wakayama Children's Choir Kōyasan International Children’s Chorus Festival"
1-1-3,1,1-1,7,"Nurture Inochi through the creation of music together, and strive to build a peaceful and inclusive society where everyone can live freely, creatively, and harmoniously regardless of upbringing or ability. Finale at the International Exchange Summer Camp hosted by the Korean government, held in Pyeongchang, South Korea in August 2025. A total of 200 members—com- prising orchestras, choirs, and dance teams—from South Korea, Japan, Thailand, and Malaysia participated in the finale"
1-1-4,1,1-1,8,"Enjoy the rhythm, dance together, and feel the pulse of Inochi—transcending nationalities, ethnicities, cultures, and religions. Spread a circle of empathy and our hopes for peace throughout the world. Everything that lives and breathes, let this song reach them, reach them, let it spread out Let’s weave the words of Inochi, let’s sing the song of Inochi Where the dance of life emerges here today It bonds everyone, and bridges world to world Feel it here together, Inochi Bon Bon NOW!"
1-1-5,1,1-1,10,"Build spaces where everyone can attune their ears to the voices of Inochi resonating through art across generations, deepening their understanding of Inochi. Listen intently to the voice of the work through dialogue"
1-1-6,1,1-1,11,"Regard 2025 as a turning point for civilization on Earth and strive to build a sustainable so- ciety in harmony with nature, where everyone can feel happiness, by applying the creativity and imagination nurtured through art to society. Study: Osaka Kansai International Art Festival 2025, Chapter 2, Reflections on People and Life (Osaka Culture Centre, Tempozan), Exhibition view of ‘Reshaped Reality: 50 Years of Hyperrealist Sculpture’ Study: Osaka Kansai International Art Festival 2025, Chapter 1: An Invitation to a Diverse World (Expo 2025 Osaka, Kansai) ‘EXPO PUBLIC ART’ Teppei Kaneuji, ‘Hard Boiled Daydream (Sculpture / Spook / Osaka)’"
1-2-1,1,1-2,13,"Build friendships across intellectual disabilities and create a world where everyone can truly be themselves. Declaration 1-2 Feel the pain of those facing hardship and adversity, expand the circle of empa- thy, and create a society that leaves no one behind. Interactions at the L’Arche Kana no ie"
1-2-2,1,1-2,14,"From the perspective of Human Healthcare, let us empathize with the lives and concerns of patients and people with disabilities. Let us support one another in realizing the full potential of each individual’s given Inochi, enabling everyone to fully live their own lives with dignity. ・L’Arche International website https://www.larche.org/ [Action Platform] Medical and Welfare [SDGs] The world “nanacara” aims to realize"
1-2-3,1,1-2,15,"Act to create a world where everyone can enjoy fashion—regardless of disability, gender, age, or nationality. sense of purpose—fostering mutual understanding and sup- port. By 2026, Knock on the Door plans to build an innova- tion ecosystem where patients and healthcare professionals co-create transformative solutions on a shared platform. The Inochi Forum, in collaboration with such organizations, seeks to return to the origins of “Human Healthcare”. It will work to weave together patients, families, healthcare pro- viders, and caregivers into a support network that protects Inochi and helps every person face illness while living their given life in wellness and dignity. [References] ・Eisai Co., Ltd. https://www.eisai.co.jp ・Knock on the Door, Inc. https://knockonthedoor.jp/en/ [Action Platform] Medical and Welfare [SDGs] Photo A Photo C Photo D Photo E Photo B"
1-2-4,1,1-2,16,"Respecting diversity and embracing those who feel isolated or left behind is not always easy to achieve together. That’s why we must open our hearts and create the rules of soci- ety together—collectively and inclusively. From a welfare, medical, and fashion standpoint, the associ- ation is now working to design exciting and uplifting adult diapers. On June 24, 2025, at the EXPO Hall of the Expo 2025 Osaka, Kansai, the association hosted a fashion show titled “O-MU-TSU WORLD EXPO: Future Diaper Collection” with adult diapers as the featured items—sending a mes- sage to the world on behalf of those whose voices are rarely heard. Since the Expo, the association has been working to transform perceptions around diapers, catalyze global conversation, and drive meaningful societal change. The Inochi Forum will also work hand-in-hand with people around the world to build a society where everyone, includ- ing those with disabilities or toileting difficulties, can enjoy fashion without shame or limitation. [References] ・More than 13 million people in Japan are estimated to experi- ence urinary incontinence (defined as occurring once a week or more). Source: “Guidelines on Female Lower Urinary Tract Symptoms” (2019) https://www.urol.or.jp/lib/files/other/guideline/38_woman_low- er-urinary_v2.pdf ・More than 5 million people in Japan are estimated to experience fecal incontinence (defined as once a month or more). Source: “Definition and Epidemiology of Fecal Incontinence” by Toshiki Ajimura, Clinical Surgery, Vol. 79(3), 2017 ・Prevalence of fecal incontinence: 7.5% for people aged 65+, 4% for people aged 20–64 ・Weekly urinary incontinence: 13.24 million people (Men: 4.86 million, Women: 8.38 million) Urge incontinence: Men 2.02M, Women 3.77M Stress incontinence: Men 0.82M, Women 4.61M ・Daily urinary incontinence: 6.12 million people (Men: 1.68 million, Women: 4.44 million) Urge incontinence: Men 1.24M, Women 2.19M Stress incontinence: Men 0.44M, Women 2.25M ・Japan Welfare Medical Fashion Association: https://wel-fashion.jp/about/ [Action Platform] Medical and Welfare [SDGs] Fashion show at the Expo 2025 Osaka, Kansai Photo: Kohei Oka"
1-2-5,1,1-2,17,"Have you ever had an experience you couldn’t put into words, leaving you to wonder: “Is it just me?” or “No one would understand anyway,” and feel isolated? Bring together those unspoken feelings—and try to craft words for them, together! The world today faces a serious and difficult challenge: how to promote social inclusion while achieving political and so- cial equality alongside cultural diversity? This is the tension between the minority’s desire for safety and freedom, and the anxiety or dissatisfaction of the majority who fear that existing norms may be eroded. To overcome this divide, it is essential to foster resilient dialogue and develop layered relationships of mutual sup- port—relationships that resist fixed roles of “helper” and “helped.” Across nations, regions, sectors, and professions, all stakeholders must collaborate flexibly. Sometimes roles will overlap, sometimes they will be shared or exchanged. The wisdom and experience gained from such collabora- tion can lay the foundation for a strong yet adaptable social solidarity that advances a more inclusive society. The Inochi Forum, alongside international and national efforts, also values local, everyday practices. By weaving these commu- nity-based actions together with care and intention, we aim to build systems of localized circulation that support sus- tainable coexistence. For example, in Ikuno Ward of Osaka City—home to the highest proportion of foreign residents of any urban munic- ipality in Japan—NPO IKUNO Tabunka Flat is working with private enterprises to repurpose a former elementary school into a multicultural hub. Since April 2022, this initiative has supported children from foreign backgrounds who require Japanese language assistance through learning support and children’s cafeterias. These programs create safe spaces and empowering opportunities for minority children experiencing discrimination, poverty, or social exclusion. To further advance these efforts, IKUNO Tabunka Flat pro- pose the following actions: 1. Create mechanisms that enable minorities to actively participate in policy formation and decision-making pro- cesses across all sectors. Ensuring the equal and proactive participation of minori- ties—who are directly affected by public policies—not only to promote social justice but also to uphold the principles of democracy. 2. Expand legal frameworks and implement cross-sector action plans to promote respect for diversity and social inclusion. Beyond cultivating public awareness, laws must be estab- lished to secure education, welfare, and employment in line with international human rights standards, and plans must be formulated and implemented based on those laws. 3. Develop and mobilize financial resources to implement these policies effectively. In particular, it is necessary to enhance financial support for the civic sector, which often has limited funding but provides direct support to marginalized groups. The Inochi Forum, in cooperation with diverse organiza- tions, is committed to promoting these efforts. Together, we will expand spaces where everyone can help create the rules of society with openness and mutual respect. [References] ・Osaka City Foreign Resident Statistics: https://www.city.osaka.lg.jp/shimin/page/0000431477.html ・Ikuno Ward Public Report (June 10, 2024): Results of public proposal selection for research and policy development for a multicultural society ・NHK Kansai Documentary (July 5, 2024): Kansai Netsushisen: “Therefore, I Live Here – The Stronghold of Coexistence in Ikuno, Osaka” [Action Platform] Diversity and Inclusion [SDGs]"
1-3-1,1,1-3,19,"To cultivate our capacity to truly feel Inochi in contemporary society, we propose to expand spaces for Zen and mindfulness practices, while advancing international conferences, edu- cation, research, and community collaboration. Declaration 1-3 Through nature, culture, and spiritual activities, cultivate the capacity to feel Ino- chi and sense its very origin. International Zen and Mindfulness Conference “Zen2.0”"
1-3-2,1,1-3,20,"Toward architecture that cultivates nature and time — Envisioning the future of people and culture together with stones quarried 400 years ago. tunities to learn about Inochi together, fostering cross-re- gional collaboration within Japan and internationally. The Inochi Forum will collaborate with diverse organiza- tions and advance interdisciplinary research and applied practices that explore the nature of human consciousness and spirituality. [Notes] *1 Zen: Originating in Buddhism, Zen emphasizes awareness of the present moment and the pursuit of self-realization through meditation. It is deeply rooted in Japanese culture, influencing arts such as tea ceremony and calligraphy, and embodying values of harmony and tranquility. *2 Mindfulness: Derived from Buddhist meditation practices, mindfulness cultivates awareness of the present. It has been shown to reduce stress, improve focus, and nurture compas- sion for oneself and others. [References] ・International Zen and Mindfulness Conference “Zen2.0” https://www.zen20.jp/ [Action Platform] Arts, Culture and Sports [SDGs] “Traces of Earth”, Photo: Yousuke Ohtake"
1-3-3,1,1-3,21,"Overcome this era of division and uncertainty by sensing and contemplating Inochi through gardens—spaces that connect people and nature. people, and nature engage in quiet dialogue. Takemura explains, “The opportunity to design architecture within the frame- work of the Expo, which we won through a competition, began with our presentation to government officials. As we engaged with the stone, we had many discussions with government representatives and members of the NPO that had long protected it. Those conversations taught us much, and we are honored to have helped bring global attention to this local resource through architecture. We believe this project offers a meaningful chance to revisit and reflect upon important histories.” After the Expo, the stone will return to its original site in the community, continuing its story in a circular narrative. Looking ahead to 2050, Yurica Design & Architecture plans to continue creating architecture rooted in the Japanese view of nature—one that sees humanity and the natural world as intertwined. Their goals include: ●Making invisible existing values visible through architec- ture, enabling cultural continuity ●Creating spatial experiences that appeal to the five senses and perception of human ●Drawing out the unique character of the land and fostering harmonious relationships between nature and people ●Sharing Japan-born values with the world from a borderless perspective ●Building gateways to contemporary culture by integrating history with technology Furthermore, these goals are working on fostering spaces that resonate between people and nature throughout Japan. The Inochi Forum participates in these activities to materi- alize the philosophy of “Open Nostalgia” through architec- ture, weaving future cultures along a long timeline that looks ahead to 2050. [References] ・Yurica Design & Architecture https://www.yuricadesign.com/ ・Ougo Honjin Ruins https://oniwa.garden/ougo-honjin-kobe/ ・Expo 2025 Site Overview and Press Release https://www.expo2025.or.jp/wp/wp-content/up- loads/2400530_wakate5_nishi1.pdf https://architecturephoto.net/209559/ https://www.expo2025.or.jp/news/news-20240530-05/ ・Co-Designers for Expo 2025 Studio mikke! https://note.com/studio_mikke555/n/needbae4bcabe Studio on_site https://www.studioon.site/ ・Digital Design Supervision for Expo 2025 Shinkogeisha https://www.shinkogeisha.com/ [Action Panel] Arts, Culture and Sports [SDGs]"
1-3-4,1,1-3,23,"Promote the spread of entertainment spaces that allow people to feel empathy and a sense of connection through Inochi, by utilizing relocatable and adaptable facilities. ABBA Arena, London 2022 The Rady Shell, San Diego 2021"
2-1-1,2,2-1,25,"Return to the dignity of Inochi, seek to understand what is happening in the world, and take action to create a world where every person is valued and can live peacefully and without fear. Support activities for realizing security, photo: Kenshiro Imamura / JICA Countries where armed conflicts involving the government as a party have occurred"
2-1-2,2,2-1,26,"To reclaim the future of children robbed by conflict, supporting the reintegration of former child soldiers and undertaking landmine clearance to build a peaceful society."
2-1-3,2,2-1,27,Go beyond support for victims of conflict and expand empowerment for youth who once took up arms to dismantle the cycle of hatred persisting across the globe. Former child soldiers undergoing vocational training in northern Uganda The work of international NGOs in landmine clearance in Cambodia
2-2-1,2,2-2,29,"Protect civic space that forms the foundation of open and democratic societies, enabling citizens to freely speak, act, and participate. Declaration 2-2 Establish mechanisms that foster mutual trust among citizens, ensuring a society where everyone can freely express opinions and actively participate. CIVICUS Monitor 2024"
2-2-2,2,2-2,30,"Gather ideas for building a better society by combining online tools with face-to-face di- alogues. Together, we can reflect on Inochi with people across the globe and co-create a new future. Accumulate various ideas in Decidim Deepening discussions by referring to Decidim ideas during face-to-face workshops (Kakogawa, Hyogo)"
2-2-3,2,2-2,31,"Create a society where mutual trust is possible both online and offline. To achieve this, we must leverage digital technologies that prevent identity fraud and enable secure communi- cation. access to information From the “Bond Inochi” perspective: ●Building new communities by organically integrating online and offline dialogue ●Creating spaces that foster intergenerational and interre- gional conversations ●Realizing novel collaborations that connect citizens, gov- ernments, and multistakeholders Looking beyond SDGs, there is a pressing need to create cross-regional networks of community-based Inochi wisdom on a global scale. Decidim can serve as the digital archive in- frastructure for such an initiative. It also supports the United Nations’ concept of “Digital Public Goods” and contributes to the establishment of digital commons—where intergener- ational and interregional knowledge and experience can be shared universally through accessible digital tools. The Inochi Forum will continue working with diverse or- ganizations to expand the potential of civic tech, while preserving these collaborative efforts as a living record of action toward a more inclusive future. [References] ・Decidim https://www.decidim.barcelona/ ・Barcelona Decidim https://www.decidim.barcelona/ ・NYC Civic Engagement Commission https://www.participate.nyc.gov/ ・Citizen Participatory Consensus Platform, Kakogawa City https://kakogawa.diycities.jp/ ・Inochi Forum Decidim https://inochi-forum.makeour.city/ ・United Nations Secretary-General’s Roadmap for Digital Coop- eration https://www.un.org/en/content/digital-cooperation-roadmap/ [Action Platform] SDGs+Beyond [SDGs] Source: ITOCHU Techno-Solutions Corporation"
2-3-1,2,2-3,33,"Rather than preparing solely for emergencies, transform our legal systems into “phase-free legal frameworks” by integrating disaster preparedness into ordinary-time regulations. Declaration 2-3 Develop disaster-prevention systems that function effectively in both normal times and emergencies. Diagram: Structural reasons for disorganized disaster victim support — based on Sugano, 2021 In May 2025, the Act Partially Amending the Basic Act on Disaster Management and Related Legislation was enacted. This law introduced a registration system for “Disaster Victim Assistance Support Organizations,” enabling specialized civil organizations to autonomously participate in disaster response. Furthermore, in order to strengthen support for older persons and persons with disabilities, the provision of welfare services was formally integrated into the disaster response framework. Through this amendment, the government has begun addressing Challenges 1 and 2."
2-3-2,2,2-3,34,"Build a resilient and inclusive society through diversity-driven innovation by bridging the blind spots of disaster resilience—religious institutions, science and technology, and local governments. tial for building communities of mutual support, The Inochi Forum will work with diverse organizations, including pri- vate enterprises and third-sector organizations, to establish and promote phase-free systems nationwide by 2030. [References] ・Phase Free Association https://phasefree.or.jp ・Sugano, Taku (2021). Disaster Response Governance: Stopping the Chaos in Victim Support. Nakanishiya Publishing [Action Platform] Urban Development and Disaster Prevention [SDGs] Respect-Relief Map https://map.respect-relief.net/"
2-3-3,2,2-3,35,"Build disaster-resilient communities and campuses that utilize university spaces to support disaster victims collectively and reconnect the “world of the heart” and the “real world.” ples include ICT-based shelter management systems, re- al-time evacuation alerts, and digital volunteer coordination platforms. These tools allow for not just Technology-Driven Innovation (TDI), but also Diversity-Driven Innovation (DDI) where various actors collaborate to generate shared social values such as altruism, mutual support, and coexistence. In times of disaster, religious institutions can serve not only as shelters but also as temporary shelters for stranded indi- viduals and as facilities for dignified care of the deceased. In Tokyo, religious sites are already being used to host strand- ed commuters, and similar initiatives should be expanded nationwide. By strengthening partnerships among religious institutions, science and technology sectors, and local gov- ernments, we can enhance the overall disaster prepared- ness of society. Moreover, by improving monitoring and support systems during ordinary times, we can contribute to everyday safety and well-being—not just during crises. Moving forward, it is essential to build deeper collabora- tions between local governments and religious institutions, while also accelerating the adoption of technology-based disaster preparedness systems. By bringing together diverse stakeholders, we can foster a spirit of mutual aid not only during emergencies but also in daily life. Through intentional collaboration among religious institutions, science and technology, and local governance— and by embracing the principles of Diversity-Driven Inno- vation (DDI)—we can establish more effective and inclusive disaster preparedness systems and realize a resilient, inclu- sive society. Let us leverage the strengths of each actor and work together to create communities where all people can live with safety and peace of mind. The Inochi Forum will continue to promote collaboration between religious institutions, science and technology, and local governments—grounded in the principles of Diver- sity-Driven Innovation—while working alongside a wide range of partners and initiatives. [References] ・Future Symbiotic Disaster Relief Map (Respect Map) https://map.respect-relief.net/ ・Disaster Risk Reduction through Community Resources and Science and Technology – SSI https://www.ssi.osaka-u.ac.jp/activity/joint/disasterprevention/ ・Regional Information and Communication Co-Creation Center (RICCC) https://riccc.or.jp/ ・Inaba, Y. & Kawabata, R. (2025). “Disaster Cooperation between Local Governments and Religious Institutions: National Survey of Basic Local Governments, FY2024,” Religion and Social Con- tribution, 15(1), pp.1–22. https://ir.library.osaka-u.ac.jp/repo/ouka/all/100624/ [Action Platform] Urban Development and Disaster Prevention [SDGs] Constitution of the “World of Inochi”"
2-4-1,2,2-4,37,"Build a shared urban data platform (Digital Twin Platform), and through its utilization and system integration, realize decarbonization, zero waste, and disaster resilience—transform- ing cities into safe and sustainable environments. Declaration 2-4 Establish sustainable systems for resource recycling and energy circulation to protect the Earth’s environment. Urban Digital Twin Platform"
2-4-2,2,2-4,38,"Protect everyone’s “Inochi Water” together, for the benefit of all. Let us pass on to the future the traditional systems and infrastructure that skillfully utilize nature’s blessings—rainwater that permeates the soil and flows through rivers and underground channels."
2-4-3,2,2-4,39,"Transform plastics into materials that can be recycled repeatedly—never becoming waste but returning once more to plastic. Through this, we can protect and circulate vital resourc- es and build a sustainable society. tal load this may entail. These include physical structures like reservoirs, dams, canals, weirs, floodgates, pumps, water purification and wastewater treatment plants, levees, and retention basins. These are known as “infrastructure” because they lie beneath our everyday awareness. In addition to built infrastructure, natural ecosystems such as rivers, groundwater, forests, lakes, and wetlands—and even man-made ecosystems like paddy fields and farmlands—store water, regulate its flow, and purify its quality. Organizations within each community, as well as us who maintain and manage both natural and man-made systems, are integral components of the mechanisms that ensure the steady blessings of water. These tangible and intangible systems that support our rich, safe, and healthy lives can be collectively referred to as “Water Infrastructure of All, by All, for All,” or “Minfra” (short for Minna no Infra, meaning “everyone’s infrastructure”). However, the future of “Water Minfra” faces challenges— aging facilities due to population decline, weakening of community organizations, insufficient revenue from service charges, and new pressures from climate change and social transformation. In response, the Tokyo Foundation for Policy Research launched the “Future Vision for Sustainable Water Man- agement” program to analyze the current state of water in Japan, formulate long-term visions, and provide policy recommendations for building sustainable communities through water. Although water is a shared natural resource, the stable and safe supply of clean water is made possible only through the “Water Minfra” that communities have cul- tivated and protected over generations. Expanding aware- ness of such shared infrastructure—composed of people, organizations, nature, and technology, not only for water but for food, energy, education, healthcare, administration, public safety, and financial systems—will be vital for build- ing a sustainable society. Guided by this vision, the Inochi Forum will continue to promote the concept of “Water Minfra” worldwide, working toward a future where everyone protects everyone’s “Inochi Water” together. [References] ・Tokyo Foundation for Policy Research: Water Minfra—A New Strategy for Water-Centered Infrastructure https://www.tkfd.or.jp/research/detail.php?id=4388 ・Oki et al. (2024), “Water infrastructure of all, by all, for all,” Na- ture Water https://www.nature.com/articles/s44221-024-00338-y [Action Platform] SDGs+Beyond [SDGs] Image of “Water Minfra” by SEKI Mihoko"
2-4-4,2,2-4,41,"Zero Waste Will Save the Earth. Let’s build a sustainable system for protecting Inochi. To achieve this, empathy as global citizens is indispensable. Success in reducing everyday waste provides powerful insights for global sustainability. The Paris Agreement, adopted in 2015, set a target to “pursue efforts to limit the temperature increase to 1.5°C” in order to protect the Earth’s ecosystems. However, at COP28, held last year, it was reported that there remains a significant gap between current progress and this goal. Can the 1.5°C target truly be achieved? One particularly striking graph sheds light on this question. This graph, showing the trend in municipal waste in Osaka City, illustrates two key developments: 1. Following World War II, shifts in lifestyle toward mass consumption and disposal led to a fivefold increase in waste—from 400,000 tons in 1955 to 2.2 million tons in 1991. 2.Since that peak, however, waste has been reduced by 60%, reaching approximately 900,000 tons today. Prior to the era of rapid economic growth, people in Ja- pan lived in resource-circulating ways—for instance, food leftovers were repurposed as livestock feed, and tofu was purchased using reusable pots. The dramatic decline in waste volume demonstrates that it can be done. The num- ber of incineration plants in Osaka decreased from 10 to 6, resulting in cumulative savings of over 150 billion yen. This stands as a prime example of harmonizing environmental and economic goals. What made this reduction possible? The answer lies in waste separation, and more importantly, the empathy culti- vated within local communities that enabled such behavior. Two initiatives exemplify this: ●Community Collection of Used Paper and Clothing ●PET Bottle Recycling Project Connecting Everyone In these programs, residents go the extra mile—removing labels and washing bottles—to transform used paper and PET bottles into valuable resources. The rewards are then reinvested in local welfare efforts, such as supporting iso- lated elderly individuals or providing meals at community cafés for children. These daily actions, undertaken with em- pathy and ownership, exemplify the integrated vision of en- vironmental, economic, and social sustainability pursued by the SDGs. Similarly, the plastic bag fee introduced in 2020 gained public acceptance due to widespread empathy— sparked by images of sea turtles and seabirds harmed by plastic waste—encouraging more people to carry eco-bags. Such successes inspire hope for zero waste and meeting the 1.5°C goal. Addressing environmental issues requires systems that internalize externalities, making environmentally friendly actions also financially beneficial to individuals and busi- Exclusive Identity Empathetic Identity Source: “FY2023 Osaka City Environmental Bureau Project Overview” Chapter 4, Section 2: Municipal Waste Management Top panel: Image of Exclusive. Bottom panel: Empathetic Identity"
2-4-5,2,2-4,42,"The proper circulation of nitrogen—source of all Inochi—nurtures healthy soil and water, thriving grass and cattle, and delicious milk. Leverage technology to recycle “poop” and contribute to solving the global nitrogen crisis."
2-5-1,2,2-5,44,"Promote future medicine through enhanced resilience in medicine, and realize a future so- ciety in which every Inochi unleashes its radiant light and no one is left behind. Declaration 2-5 Leverage advanced technologies to realize life care that attends closely to indi- viduals and families. Future Medicine Promotion Organization / Nakanoshima Qross (NQ)"
2-5-2,2,2-5,45,"Utilize science and technology to advance personalized health management and respect for diversity, realizing a future where every person protects, nurtures, and feels Inochi. [References] ・Future Medicine Promotion Organization / Nakanoshima Qross (NQ): https://www.nakanoshima-qross.jp/ [Action Platform] Medical and Welfare [SDGs] An image of personalized care utilising science and technology"
2-5-3,2,2-5,46,Utilize psychological approaches to heal trauma and unlock latent human potential—so that individuals may rediscover their inherent capacity and create innovation. A society realized through AI counselling
2-5-4,2,2-5,47,"By integrating healthcare and welfare data and leveraging technologies such as AI, we can deliver personalized care and preventive solutions tailored to each individual’s way of life, needs, and values. staff, and students make use of these services. For example, a researcher who was generally well-adjusted but tended to give up when facing difficult problems came to the center for counseling. As a result, they were able to confront those challenges without hesitation. Similarly, students who had struggled to attend university because of trauma were able to overcome school refusal after engaging with counseling services at the center. The impact of trauma-healing counseling can be summa- rized in two main effects: 1. Improved communication skills 2. A renewed sense of confidence These outcomes raise self-esteem and enable individuals to express their latent abilities, thereby enhancing their ca- pacity to generate innovation. In order to expand the use of such psychological approaches and reinvigorate society, it is essential to cultivate counselors with advanced skills. To this end, The University of Osaka launched a project in FY2024 exploring whether counseling skills can be en- hanced using AI and image-based diagnostics. The project begins with analyzing what constitutes advanced counsel- ing techniques. This includes recording counseling sessions while simultaneously monitoring body temperature, heart rate, and brainwave activity to gather data for analyzing trauma healing processes. By using machine learning to study dialogue content, the project seeks to identify pat- terns and cues for trauma recovery—and possibly develop AI-based counseling methods. All of these measurements and AI capabilities are made possible by advances in semi- conductor technology. The Inochi Forum will collaborate in these kinds of projects and promote the use of psychological approaches to heal trauma and awaken latent potential—while also supporting advancements in semiconductor technologies. [References] ・The University of Osaka, Faculty/Graduate School of Engineer- ing – Resilience Support & Training Center http://www.juf.eng.osaka-u.ac.jp/resilience/index.htm ・Activating Creativity through Psychological Approaches https://www.eng.osaka-u.ac.jp/prospective/introduction-re- search/550/ [Action Platform] Education and Children [SDGs]"
2-5-5,2,2-5,48,"Create systems that listen to and engage with the thoughts and voices of those living with diseases that still lack effective treatments, working together toward solutions rooted in empathy and shared determination. Image of the new AI prediction model (CHR)"
3-1-1,2,3-1,50,"To protect Inochi, let us provide education that places well-being at its core—so that every per- son, regardless of gender, can live authentically and build equal and respectful relationships. 3 Nurture Inochi Plan International is an international NGO dedicated to supporting girls and women"
3-1-2,3,3-1,51,"Ensure that all people—especially women—have access to education, to build a world where every person can live in safety and dignity, and to break the cycle of poverty. Supporting education by enabling women to work, such as through bread-baking"
3-1-3,3,3-1,52,"Break the cycle of poverty through education, eliminate discrimination and inequality, and ensure that everyone can live in safety. A girl who participated in a programming class in Kenya expresses her gratitude to the staff A female pupil taking a programming test at a primary school in Basra, Iraq"
3-1-4,3,3-1,53,"By combining digital education with personalized support, break the cycle of poverty and create a “cycle of hope” for children facing adversity. Digital and career education for children facing difficulties"
3-2-1,3,3-2,55,"Create a society where the voices of children are respected, where they can engage in democratic dialogue—among themselves and with adults—and where we foster the next generation of adults capable of sustaining such a society. Undergraduate and postgraduate students engaged in discussion High school students engaged in debate and the postgraduate students supporting them"
3-2-2,3,3-2,56,Expand educational initiatives within schools that empower children to envision a future for themselves and society—so that they can act to protect and value not only their own Inochi but also that of others. Child Abuse (Osaka) Absenteeism (Elementary school) Compiled by the Osaka Prefectural Education Office from a survey by the Ministry of Education.
3-2-3,3,3-2,58,"It is time to create new ways for children and young people to share their ideas about how to be healthy and happy despite the threat and impact of disasters. By working together and contributing to solutions, they can be empowered to face disaster challenges and be part of a global effort to increase disaster resilience."
3-2-4,3,3-2,59,"Build a society in which the next generation can envision the possibilities of the future and, through their own actions, choose and shape that future. Future generations will shape their own futures."
3-2-5,3,3-2,60,"By encountering the pure and genuine feelings of children, learn that kindness can arise spontaneously, and build a society where every person’s conscience can be fully expressed, where all Inochi is nurtured, and where we sustain each other’s lives."
3-3-1,3,3-3,62,"“Shopping is voting.” Create a society where everyone can easily make choices that lead to happiness for the future by providing clear, citizen-centered information—transforming both lifestyles and social systems. Image of the sustainable consumption and production cycle"
3-3-2,3,3-3,63,"Realize a sustainable socio-economic system of Sanpo-Yoshi—beneficial for the seller, the buyer, and society—by fostering a virtuous cycle through individuals selecting companies based on ESG information that reflects corporate social value, in their roles as workers, in- vestors, and consumers. Together with diverse organizations, the Inochi Forum will promote the spirit of “shopping is voting” by creating and delivering accessible information that helps make ethical and sustainable choices easier for everyone. [Notes] *1 Environmental Citizens Organization: https://kankyoshimin.org *2 Green Consumer Activities: https://kankyoshimin.org/activity/life-style/green-consumer/ activity-56/ *3 CSR Research Projects by Citizens: https://kankyoshimin.org/jizoku-selfcheck/ *4 Citizen Network for Sustainable Consumption: https://cnrc.jp *5 Ethical Corporate Scorecard: https://cnrc.jp/works/business-ethical-rating/ *6 Green & Choices (Guricho): https://guricho.net [Action Platform] Economy, Employment, and Poverty [SDGs]"
3-3-3,3,3-3,64,"Dress to protect every Inochi on Earth. Choose fashion that weaves a future through re- sponsible production and consumption. oping an application called the “Sustaina App” to facilitate ESG comparisons. This app assigns scores to corporate ef- forts across categories such as environmental performance, human rights, social contributions, animal welfare, and gov- ernance. It is designed to support stakeholders—consum- ers, job seekers, etc.—in making informed decisions about where to buy or work. The project is currently engaging not only publicly listed companies, which are leading ESG disclosure, but also reaching out to unlisted companies. The project advocates for pricing things of value appropri- ately, based on evaluations and support from stakeholders. While improving ESG performance involves costs, these costs—when they represent true value—should rightly be re- flected in prices. Even after Japan’s so-called “Lost 30 Years,” the economy still suffers from unpaid or excessive services and low wages, with valuable things remaining undervalued. A particularly urgent issue is increasing wages, which fall un- der the “Social” category of ESG—that is, assigning proper value to labor. To achieve this, all industries must be able to fully incorporate ESG-related value into the pricing of their goods and services. This requires the empathy and coop- eration of all stakeholders—not only corporations, but also consumers, investors, and workers. Based on this vision, the project will intensify its outreach efforts based on this vision. We aim to further develop and disseminate the “Sustaina App” by leveraging AI for data col- lection, creating spaces such as workshops and interactive events, collaborating with other organizations involved in the Inochi Forum, and engaging in joint research with companies. The Inochi Forum, together with this project, will develop methods that enable workers, investors, and consumers to select companies based on ESG information and to es- tablish ESG-conscious lifestyles. Through this, we seek to build a sound cycle of value creation based on Sanpo-Yoshi, where companies generate added value in a virtuous and sustainable economy that benefits all. [References] ・The University of Osaka Social Solution Initiative Core Project: “Realization of an Empathetic Economy through the Promotion of Stakeholder-ESG management, Ethical Consumption and Sustainable Procurement” https://www.ssi.osaka-u.ac.jp/activity/core/empathyeconomy/ [Action Platform] Economy, Employment and Poverty [SDGs] A workshop in Dominican Republic"
3-3-4,3,3-3,65,"Visualize the various impacts of corporations on the environment, society, and humanity, and together support enterprises that embody kindness and enrich people’s lives and so- ciety, thereby realizing Keisei-Saimin—building a peaceful and prosperous world by saving and nurturing people. Participants have responded positively, with comments like: “my perspective when shopping has changed” and: “this made me think about responsibility in fashion for the first time,” indicating a clear shift in awareness. Looking ahead to 2050, Mr. Tani aims not only to deepen and expand these educational efforts, but also to explore new approaches that integrate fashion and art. Through visual arts, film, photogra- phy, and body expression, he seeks to create sensory ex- periences that allow people to grasp the “life and death” of clothing. He envisions exhibitions where visitors can follow the narrative of a garment—from its creation and usage to its eventual disposal—through visuals and tactile senses. Using sounds, scents, and materials, he hopes to convey the flow of Inochi embedded in garments and evoke a visceral awareness of loss, connection, and ecology. The Inochi Forum also believes that fashion must be rede- fined not as mere consumer goods, but as a way of living. Clothing wraps our lived time—our very Inochi. Paying attention to where, by whom, with what materials, and for what purpose a garment is made is a profound act of re- spect for the Inochi of others and of the Earth. Confronting the reality that many garments are incinerated touches on our perceptions of life and death. The ultimate fate of cloth- ing invites us to reconsider how we face the end of Inochi. Fashion holds the power to transform society. It is more than trends—it is a declaration of our stance toward coexisting with the world. Believing in this potential, the Inochi Forum will continue working alongside fashion planners like Mr. Tani to spread the message of “responsibility in creation,” “responsibility in use,” and the “dignity of Inochi” across the globe—through the medium of fashion. [References] ・MUJI: “[Before Choosing an Item, Think About It First—Yusuke Tani Talk Event | Event Report ①—Nonoichi Meirin Street Store]” https://www.muji.com/jp/ja/shop/045781/articles/events-and- areainfo/events/463571 ・Sotokoto: “Does That Clothing Have a Love Story? A Fashion Planner Who Communicates Through Words and Attire” https://sotokoto-online.jp/sustainability/3195 ・Diario Libre: “Artistas en Proyecto” — A JICA Initiative to Pro- mote Development Through Art https://www.diariolibre.com/revista/cultura/2023/12/27/artis- tas-en-proyecto-una-iniciativa-de-la-jica/2561154 ・JICA: “Workshop in the Dominican Republic on ‘Fashion and the Environment – The Traveling Garment’ Instructors: Yusuke Tani, Rikiya Nakaegawa” https://www.jica.go.jp/overseas/america/pla- za/1555922_23386.html ・Miércoles: “JICA Donates Uniforms for Health Promoters and Farmers” https://m.n.com.do/2024/10/31/la-jica-dona-uniformes-pa- ra-promotores-de-salud-y-agricultores/ ・Asahi Shimbun withPlanet: “Fashion and International Cooper- ation — The Significance of Making Uniforms in the Dominican Republic” https://www.asahi.com/withplanet/article/15726032 [Action Platform] Art, Culture and Sports [SDGs]"
3-3-5,3,3-3,67,"Transform the structure of our society from capitalism to an “Empathy Capital Society”—a new model of mutual support—through the use of community currencies, move away from warlike language often used in business and instead adopt words that reflect harmony and cooperation. eumo Day: A gathering for those striving to realise an open empathy-based society in 2024"
3-4-1,3,3-4,68,Realize a future supported by empathy by promoting social businesses that are not only supportive of society but are also supported by society. 100 people×100 Days Musical
3-4-2,3,3-4,69,"Create a society in which people engage in healthy dialogue—transcending isolation and fragmentation—by building a new cultural foundation for communication in the age of digi- tal hyper-connectivity and algorithmic influence. economic rationality and efficiency, and revitalizing Japan’s regional communities. Empathy for society begins with listening to small voices, turning attention toward diverse societies different from our own and allowing ourselves to be moved by their hopes and aspirations. Ultimately, this leads to gaining support from society and becomes the driving force behind activities sus- tained and cherished by empathy. It is precisely because we are all different that we can create a truly wonderful society. The Inochi Forum, together with organizations like Com- mon Beat that promote social business, will work to create a future sustained by empathy—where differences are em- braced and aspirations are shared. [References] ・Common Beat: https://commonbeat.org/ [Action Platform] Economy, Employment and Poverty / Diversity and Inclusion [SDGs] Diagram: Value sharing via CyberTrophy"
3-4-3,3,3-4,70,"Create mixed communities where people of diverse generations can live vibrantly, ensuring that elderly and low-income residents in areas with a concentration of public housing do not become isolated. laboration with shopping districts, financial institutions, ESG initiatives of businesses, and local government digital transformation policies. Then, institutionally, legal definitions around digital certification and taxation frameworks for val- ue transfers must be clarified in consultation with relevant agencies. In addition to these initiatives, the governance of the entire system will prioritize openness—both in protocols and services—allowing participants to take active owner- ship in its development and evolution. The initiative begins with basic implementation in commer- cial and public facilities, validating the processes of value creation based on behavior. Key challenges include (1) Maintaining sustained engagement from users, (2) En- suring the reliability of data and (3) Establishing objective standards for evaluating value. Each of these issues will be addressed in turn. Success will be measured through indicators such as monthly active users, the volume of value created, and the economic impact on the local community. Through ongoing evaluation and refinement, the project seeks to foster an ecosystem in which community members take ownership of the system, supported by natural emer- gence of service providers. Each community can adapt this foundational model to its own local context, connect- ing loosely with others through shared principles, thereby co-creating a new, contemporary model of value circulation that is inclusive and regenerative. The Inochi Forum, together with initiatives such as Contin- uum Social and other organizations, will build systems that make the creation and circulation of data-driven value more democratic and open, and will strive to realize a society where the value created by all is shared by all—a society in which every Inochi unleashes its radiant light. [References] ・Continuum Social https://www.continuum.social/ ・A Novel Framework for Reputation-Based Systems https://a16zcrypto.com/posts/article/reputation-based-systems/ ・The Future of Work is Not Corporate — It’s DAOs and Crypto Networks https://a16zcrypto.com/posts/article/the-future-of-work-daos- crypto-networks/ ・Chris Dixon:Read Write Own Buildng the next era of the internet Read Write Own - Chris Dixon ・Jesse Walden : Fund Raising and Deal Structure Fundraising and Deal Structure - a16z crypto ・Scott Kominers:Everything Token https://www.hbs.edu/faculty/Pages/profile.aspx?facId=500905 [Action Platform] SDGs+Beyond [SDGs] A place to belong, a role to play, building connections"
3-4-4,3,3-4,71,"Deepen intergenerational dialogue and connection in our communities by preserving and sharing local stories and lived experiences through digital archives, in collaboration be- tween public libraries and historically significant public spaces. less*1 . This raises concerns such as “Who can manage the residents’ self-governance?” and “Who can take on the role of caretakers?” Furthermore, the number of foreign residents has increased in recent years, introducing language barriers. In the northwestern area of Nishinari Ward, Osaka City, there are over 1,500 municipal housing units across 44 buildings.It is also a dense area of aging wooden houses, with very few private rental properties available for fam- ily households *2 . Although Nishinari Ward promotes the motto “For the Children”*3 , the overwhelming shortage of family-friendly housing makes it difficult to advance these initiatives. On the other hand, it is said that there are more than 500 “policy vacant units” in municipal housing in Nishinari Ward—vacant units being held back in prepara- tion for rebuilding projects. If these units could be actively utilized for housing child-rearing families and young house- holds struggling to find housing, it could bring hope to solving the shortage of self-governance leaders amid the aging resident population. NICE Corporation*4 , based in Nishinari Ward, has been working to develop family-friendly rental apartments and youth share houses repurposed from vacant homes in the dense residential area. Partnering with local organizations such as the Human Rights Welfare Association and Nishi- nari Rinpo-kan Yu-to-Ai, they have been providing support services such as consultations, community watch programs, and safe spaces, with the aim of building mixed communi- ties. Utilizing this network, they advocate to the local gov- ernment to allow organizations like NICE and these local groups to sublease the policy vacant units from the munic- ipality and provide them as supported housing for young people and child-rearing households. The Inochi Forum will collaborate with diverse local orga- nizations to promote not only the physical development of such communities but also the soft aspects—such as comprehensive life consultations and residents’ association support. Through mixed community development in areas with concentrated public housing, we aim to create neigh- borhoods where elderly and low-income individuals do not become isolated. [Notes] *1 Ministry of Land, Infrastructure, Transport and Tourism, “About the Public Housing System” https://www.mhlw.go.jp/file/05-Shin- gikai-12201000-Shakaiengokyokushougaihoken- fukushibu-Kikakuka/0000196081.pdf *2 Osaka City, Redevelopment and Subsidy System for Dense Housing Areas https://www.city.osaka.lg.jp/toshiseibi/page/0000255852. html *3 Nishinari Ward Operation Policy, FY2023 https://www.city.osaka.lg.jp/nishinari/page/0000601001.html *4 NICE Corporation https://nice.ne.jp/ [Action Platform] Urban Development and Disaster Prevention / Diversity and Inclusion [SDGs]"
4-1-1,3,4-1,73,"While respecting cultural diversity, cultivate empathy with others who live in the same era but belong to different cultures, and cherish the preciousness and interconnectedness of every single Inochi 4 Bond Inochi Photo: “Are they similar? Or different?” Masks with common intimidating expressions, crafted in diverse locations worldwide."
4-1-2,4,4-1,74,"Build a society and culture where diverse forms of Inochi can flourish in harmony through creativity, inclusiveness, and playfulness, and create new kinds of schools, companies, and hospitals that enable everyone to express their creativity. Photo: “Are they different? Or similar?” A lobster-shaped coffin from near Accra, Ghana, used for a deceased shrimp farmer; alongside it, a pole-shaped coffin used by Aboriginal peoples in Australia. Despite the difference in form, both reflect a shared human emotion of mourning the dead."
4-1-3,4,4-1,76,"Cultivate individuals and organizations capable of designing and advancing creative dia- logue—a process that transcends divisions and fosters mutual understanding. Process of Creative Dialogue (Source: CSO Network Japan, “A Guide to Creative Dialogue for Coexistence with Foreign Workers”)"
4-1-4,4,4-1,77,"Foster a society where high school students, alongside university students, can explore the SDGs without assuming that there is a single correct answer, and where they can formulate their own questions through dialogue with others and propose their visions for the future in their own words. High school students debating at the seminar “Academically Exploring What Lies Beyond the SDGs”"
4-1-5,4,4-1,78,"Spread “Co-creative Education”, where diverse people transcend generations, sectors, and races to ask questions together, think together, learn together, challenge together, and re- fine each other together. MIRA-GE at Nagasaki Higashi High School: Multigenerational discussions on the future"
4-1-6,4,4-1,79,"Cultivate wisdom and courage and create a bright future by bringing together what is dif- ferent—urban and rural, elderly and children, analog and digital—and fostering spaces for honest dialogue. Experiences on remote islands"
4-1-7,4,4-1,80,"Young people, co-create a thriving future by strengthening Africa-Japan ties through inno- vation, entrepreneurship, and cultural exchange. Let’s lead with purpose and build sustain- able solutions together — as part of a shared global movement"
4-2-1,4,4-2,82,"Integrate the principles of gender equality into policies and systems across all sectors of society. By fostering mutual learning and connection among women, we can realize a new model of a sustainable society based on gender equality. Annual Conference and HYMEC’s Five Subcommittee"
4-2-2,4,4-2,83,"Promote a society where everyone knows about and supports menstruation as a concrete step toward achieving gender equality. preneurs, aiming to maximize their potential and create a society in which everyone can thrive authentically. Based on these efforts, HYMEC is planning further initiatives to realize its “50 by 50” vision—a goal of achieving 50% representa- tion of women in all fields across Japan by 2050. The Inochi Forum strongly believes that advancing gender equality will shape a new model of growth for a sustainable world. We are committed to working in partnership with diverse organizations including HYMEC to build a society where every Inochi unleashes its radiant light. [References] ・Haruno Yoshida Memorial Executive Committee (HYMEC) https://www.harunomemorial.jp/ ・5th WAW!/ W20 International Conference (2019) https://www.mofa.go.jp/mofaj/fp/hr_ha/page22_003059.html ・WEConnect International https://weconnectinternational.org/ [Action Platform] Diversity and Inclusion / Peace and Human Rights [SDGs] MeW dispenser installed in a restroom stall"
4-2-3,4,4-2,84,"Create more safe and welcoming spaces—at home, in schools, workplaces, and communi- ties—for LGBTQ+ individuals and those around them, who are often rendered “invisible”. difficulties in accessing menstrual products. Although the situation has improved since the 2011 Great East Japan Earthquake, there are still reports, such as from the 2024 Noto Earthquake, of challenges like sanitary products being placed in conspicuous locations where it is hard to retrieve them, or products not matching users’ needs. We must normalize the practice of making menstrual prod- ucts available in restrooms, just like toilet paper. Supporting menstruation in this way not only improves well-being but also serves as a trigger for greater awareness, discussion, and understanding of menstruation across schools, compa- nies, and society at large. The MeW Project will continue its awareness-raising and outreach efforts, collaborating with diverse actors. The Inochi Forum values and supports such initiatives. Together, we will work to spread the practice of knowing about and supporting menstruation as a concrete step toward achieving gender equality. [Notes] *1 UNICEF WHO monitor menstruation-related issues within the SDGs: https://washdata.org/monitoring/menstrual-health *2 The University of Osaka UNESCO Chair MeW Project: https://mew.hus.osaka-u.ac.jp/ *3 The University of Osaka Diversity and Inclusion Center – Free Provision of Sanitary Products in Restrooms: https://www.di.osaka-u.ac.jp/dispenser-list/ [Action Platform] Diversity and Inclusion [SDGs] Inside the Pride Center Osaka and its staff"
4-3-1,4,4-3,86,"Expand the activities of “Children’s Cafeterias” and realize a society in Japan and across the world where “places of belonging” that connect people and nurture every Inochi to unleash its radiant light are present in every community. Declaration 4-3 Broaden safe spaces across communities where everyone can gather, connect, and find roles and purpose in life. Children’s cafeteria whrere anyone can join"
4-3-2,4,4-3,87,"Let us create, together, a safety net for children and young people in entertainment districts, so that every young person can have hope for their own future. ・2024 National Survey on the Number of Children’s Cafeterias https://musubie.org/news/11208/ ・Inochi Forum Partnership Program https://musubie.org/news/10414/ [Action Platform] Education and Children / Economy, Employment and Poverty/ Urban Development and Disaster Prevention / Diversity and Inclusion / Arts, Culture and Sports [SDGs] Food aid boxes and support in Osaka's Minami district"
4-3-3,4,4-3,88,"Build a society where children, young people, and every individual are respected as irre- placeable members of society and can find both a place and a role to belong. will also build regional support hubs in collaboration with local governments, schools, businesses, and NPOs. Further- more, it will expand vocational experiences and internships tailored to young people’s interests and aptitudes, strength- en job-matching with companies, and increase employment opportunities. D×P will also promote outreach via social media, schools, and communities to connect with young people before isolation becomes severe, share their voices and realities with society to eliminate prejudice and misun- derstanding, and broaden the circle of support. In view of the challenges that may persist in 2050, advances in AI could enable various forms of support. Yet even in that era, many children and young people may still fall through the gaps of public assistance and institutional frameworks. Entertainment districts are likely to continue attracting peo- ple and offering, for some, a sense of belonging—meaning that many children and young people may still gather there. To prepare for this possibility, the Inochi Forum will work together with organizations including D×P to establish not only public safety nets but also robust private ones, forming support hubs across Japan where young people—regard- less of the environment in which they were raised—can find the connections and bonds they need to build stable lives. [Notes] *1 International Monetary Fund (IMF), World Economic Outlook Database, 2024. *2 The Nippon Foundation, Ending Child Poverty, 2023. *3 Ministry of Education, Culture, Sports, Science and Technol- ogy (MEXT), Survey on Problematic Behavior and School Non-Attendance, 2022. *4 According to MEXT’s School Basic Survey (2023, Final Data), the number of high school dropouts in 2023 was 45,813, with a dropout rate of 1.5%. *5 Cabinet Office, Government of Japan, White Paper on Chil- dren and Young People, 2023. [References] ・Certified Nonprofit Organization D×P https://www.dreampossibility.com/ [ActionPlatform] Peace and Human Rights [SDGs] The boy decorates the flowers he has grown with ribbons and adds a message"
4-3-4,4,4-3,89,"Create symbiotic community-based societies where all people, including older adults, have meaningful roles, through care practices that value individual identity and attend to each person’s heart. However, the situation for children remains serious. According to the Children and Families Agency, the number of reported child abuse cases exceeded 210,000 in 2022, more than double the figure from a decade ago (cases handled by child consultation centers). Among developed countries, Japan has the highest suicide mortality rate among young people at 16.3%, according to a World Health Organization report from February 2023. To address these challenges, the Japan Philanthropic Asso- ciation has launched an agriculture–welfare collaboration project (Noufuku), where individuals with disabilities, social withdrawal, criminal records, or foreign nationalities en- gage in agriculture, revitalizing local farming communities suffering from a shortage of next-generation farmers and abandoned farmland. Through the revitalization of agricul- ture, this initiative aims to create regions that are kind to both people and the environment—places where children can grow up with hope for the future. The goal is to build regions where everyone has a place and a role by the year 2050. Together with organizations like the Japan Philanthropic Association, the Inochi Forum will expand the circle of sup- port, engaging companies’ social resources and employees, to build a society where everyone has a place and a role— playing our part in connecting and sustaining Inochi. [References] ・Japan Philanthropic Association: https://www.philanthropy.or.jp/ ・Agriculture–Welfare Collaboration Projects for Creating a Sym- biotic Society: https://www.philanthropy.or.jp/noufuku/adopted/ [Action Platform] SDGs+Beyond [SDGs] People with disabilities working alongside farmers"
4-3-5,4,4-3,91,"Regard dementia as the greatest stage of growth in life, and by focusing on what we can do now and living with gratitude, build a kind and inclusive society where everyone cherishes their bodies and can live with peace of mind. Orangelympic scenes"
4-3-6,4,4-3,92,"Health is one of our greatest assets—something to be nurtured in everyone, including those with illness or disability. When we nurture health, we create the conditions for all people to participate fully—in families, communities, work, and planetary care. Students participating in the UO-UC educational program"
4-4-1,4,4-4,94,"Create our own SDGs at the community level, implement them through local action, and build a society that protects and nurtures the dignity of Inochi. Declaration 4-4 Build networks across regions and affiliations to advance community building that cherishes Inochi. Various teaching materials for learning about the SDGs The English versions of “SDGs and Japanese Society” and “SDGs and Local Com- munities”"
4-4-2,4,4-4,95,"To address complex challenges, identify and empower “hubs” that can connect people be- yond their affiliations and disciplines."
4-4-3,4,4-4,96,"Practice business that fulfills the aspirations of communities that nurture cultural diversity, and together create a beautiful economic landscape welcomed by the future. Diagram: Social Network of Key Third-Sector Figures (June 23, 2016) A single circle represents one person; size reflects the number of mentions. Circles are grouped by region, and lines between circles indicate social connections. (Source: Sugano, 2020)"
4-4-4,4,4-4,97,"Express our gratitude to nature and those who bring food to our tables, and remember that each of us has a role in passing on what we value to future generations. mously passed by the city council. Kyoto’s unique business culture places high value on steadfast philosophies such as “Priority to Justice over Profit” (Sen-gi Kōri) and “Per- petual Change within Immovability” (Fueki Ryūkō), along with trust-based relationships, originality, and the health of the value chain. Many companies engaged in long-term management practices grounded in these principles have not only sustained Kyoto’s economy but also supported citizens’ lives and the preservation of culture. Such commu- nity-based management practices suggest an economic activity that prioritizes what is essential to the community over short-term profits or business scale, embodying the values and diversity befitting the blue planet—a truly “beau- tiful economic landscape.” In March 2021, the Community Based Companies Forum, launched from Kyoto, began spreading throughout Japan to places like Kagoshima, Nagano, Sapporo, and Okinawa as a platform for accumulating practical knowledge on business that fulfills community aspirations. Additionally, RELEASE; launched the Community Based Economy Journal, a busi- ness documentary magazine that highlights economic activities aimed at increasing local natural and cultural capital without depleting it. The journal continues to spark dialogue about the kinds of businesses now needed across different regions. In 2024, they also set up in InterConnected Arts®/Japan, an initiative to discover the knowledge and beauty embed- ded in traditional craftsmanship across Japan, rooted in the symbiosis of nature and people*5 . By curating journeys that revolve around the act of “making”—the central verb of economic activity—and sharing these experiences with business leaders around the world, the project aims to form cross-border communities that expand the “Community Based Economy” movement and foster the exchange of knowledge and values globally. The Chinese character for “life” (生) is said to depict the image of grass sprouting from the soil, combining the elements for “sprout” (屮) and “soil” (土). Without soil, there can be no life. Together with organizations like RELEASE;, the Inochi Forum will work to expand an economic sphere that preserves the “soil” of diverse cultures across regions, ensuring that Inochi can continue to live vibrantly into the future. [Notes] *1 UNESCO, Universal Declaration on Cultural Diversity https://www.unesco.org/en/legal-affairs/unesco-univer- sal-declaration-cultural-diversity *2 Community Based Economy: https://community-based.org/statement/ *3 Declaration of Community-based Companies in Kyoto: https://www.city.kyoto.lg.jp/sankan/page/0000241891.html *4 Kyoto City Ordinance on the Promotion of Sustainable Devel- opment of Community-based Companies: https://www.city.kyoto.lg.jp/sankan/page/0000249106.html *5 in InterConnected Arts®/Japan https://journey.release.world/en/in-interconnected-arts-japan [Action Platform] Economy, Employment and Poverty [SDGs] A project for discovering and sharing knowledge and beauty, uncovering the act of creation and foregrounding it as a journey"
4-5-1,4,4-5,99,"Realize a society where companies take responsibility for their actions, articulate their envi- sioned future, and engage in dialogue with society, working together to solve environmen- tal and social issues. Declaration 4-5 Build networks across regions and affiliations to advance community building that cherishes Inochi. Structure of “Sanpo-yoshi”"
4-5-2,4,4-5,100,"Confront social challenges on the foundation of liberal arts, practice mutual-aid manage- ment, propose pathways toward a sustainable society, and share values that will guide the future. Establishment of a “Mutual-Aid” Platform"
4-5-3,4,4-5,101,Realize a sustainable society that responds to the voices of the unheard by expanding a funding ecosystem grounded in trust and empathy—so that personal thoughts and aspira- tions can become the driving force for shaping society.
4-5-4,4,4-5,102,"Recognize people not merely as capital to generate wealth, but as irreplaceable Inochi, and transform the world of business into one that truly embraces human rights. Human rights due diligence required of enterprises"
4-5-5,4,4-5,103,"Understand the worldviews of those in different positions, turn our eyes to the sources that sustain the economy, and realize a sustainable society through leadership that connects us with those sources. able to sustain growth in the global arena. In this context, companies such as Link Saussure Inc. in Japan are actively addressing human rights risks. Their initiatives go beyond risk identification and analysis; they offer support for organizational reform that tackles root causes, and for stakeholder reporting that promotes trans- parency and accountability. Rather than framing issues as a binary conflict of “self” versus “others,” we must broaden our perspective to include the entire world that surrounds us. Instead of reducing complexity to “either/or” logic, we must adopt “both/and” thinking—perceiving change as a gradient and embracing the human responsibility to leave behind a society rich in dignity and possibility for future generations. The Inochi Forum will continue to support efforts to ensure that corporate engagement with human rights becomes a societal norm. We will work to promote consistent and com- prehensive support—from identifying and analyzing risks to improving organizational practices and disclosing informa- tion to stakeholders—thereby contributing to the realization of a society filled with hope for the future. [References] ・The Importance of Human Rights Due Diligence: https://www.link-ss.co.jp/human-rights/ [Action Platform] Economy, Employment and Poverty / Peace and Human Rights [SDGs]"
4-5-6,4,4-5,104,Support starting to work and continuing to work for everyone by shifting public procure- ment from price competition to competition on employment quality and strengthening in- termediary support organizations that focus not just on the number but also the quality of employment.
4-6-1,4,4-6,106,"Rediscover traditional Japanese views of nature—embodied in the concept of “Chinju no Mori” (sacred groves) and the belief in “Yaoyorozu no Kami “(eight million deities)—and apply them to contemporary challenges such as biodiversity conservation, ecosystem res- toration, and human-nature coexistence. Declaration 4-6 Raise awareness of our interconnectedness with nature and open pathways for living together with it. The forest at the southern foot of Yatsugatakev Kamikura Shrine, Wakayama Prefecture"
4-6-2,4,4-6,107,"Revive the interconnectedness and cycles of Inochi by restoring traditional lifestyles in harmo- ny with nature in each local community, thereby passing on a society that values every Inochi. Creating spaces where children and adults grow together The temple lodgings of Mount Hiko, revived by the efforts of many people"
4-6-3,4,4-6,108,"Transform workplaces and corporate-owned natural, intellectual, and cultural assets into open hubs for society, where Inochi is cherished."
4-6-4,4,4-6,110,"Just as coral reefs grow while embracing diverse forms of nature, create a future where the world’s unique natural environments and cultures are respected and flourish together, by building a Coral Ark—an offshore university connecting humanity and nature across regions and generations. co-organizes the event, and operations are supported by corporate and organizational donations. In 2025, GBEF will be held at the Osaka-Kansai Expo, bringing together multigenerational participants in collaborative and sus- tainable activities. The company also aims to establish at least one certified provider of “experiential” environmental education and ESD in all 47 prefectures, cultivating lead- ers for local communities. ●Sharing the Value of Zero Waste Design with Asia and Protecting Inochi on Earth Many Asian countries lack technologies for proper waste management and have not developed effective recycling systems. Some even lack customs of using trash bins. Ishizaka Sangyo offers its recycling technologies and intellectual assets that allow for 98% resource recovery of construction waste to countries across Asia. By spread- ing Zero Waste Design abroad, the company promotes a circular economy. It actively accepts study tours and internships from overseas and hires individuals passionate about environmental business, supporting entrepreneur- ship in more than five countries. The Inochi Forum will collaborate with organizations in- cluding Ishizaka Sangyo to encourage the development of community models such as Santome Konjaku Mura in regions across Japan. [Notes] *1 Satoyama is a Japanese term for the border area between village and mountain, where people live in harmony with nature.” [References] ・Mitomi Konjaku-Mura https://santome-community.com/ ・Research Institute for “Opportunities for Experience” https://esd-place.org/ [Action Platform] Education and Children [SDGs] Our ancestors first emerged 500 million years ago. Throughout Earth’s environmental changes, some of our relatives went extinct, while at times, favorable conditions in the seas led to the flourishing of many new life forms. The more our kind thrived, the more other living beings gathered around us. Though we do not remember the moment of our birth, we came into existence in the dark sea where faint, warm light reached us. As adults, on nights of the full moon, we release the next generation into the water. I was alone at first, deciding to settle and live here. Soon after, my body tingled, and before I knew it, I became two. Then four, eight—dividing endlessly. Each of the children here has a different shape, each uniquely individual. Small partners live within our bodies, and together we draw strength from the sunlight. Our bodies grow, transforming into stone and accumu lating over years, decades, centuries, and millennia. Though some parts are unstable, as we stack upon each other, different kinds of beings also gather, creating a place where diverse life converges. A vision of a future where diverse people and nature coexist like a coral reef"
4-6-5,4,4-6,111,"Return the land that humankind has long occupied to the lives beyond human beings. sedimentation from red soil runoff. Today, humanity faces an era where human-induced activi- ties—like CO₂ emissions leading to global warming—impact climate systems and the natural environment, making it difficult to predict the future of our living conditions. In these times, it is crucial that we learn from and apply the wisdom and cultures of coral reefs, which have harmonized with nature over vast timescales, supporting diverse life forms. Coral reefs are not only ecosystems but also arenas where people from various cultures, ethnicities, and generations gather. They serve as vibrant fields for learning and creativ- ity, attracting researchers and practitioners across diverse disciplines, including natural sciences, humanities, and social sciences. At the Kikai Institute for Coral Reef Sciences, based in Kikai Island of the Amami Archipelago, researchers, artists, and local residents collaborate under the philosophy of “Pre- serving for 100 Years.” Together, they nurture future leaders, fostering a coral reef–style regional hub that bridges cul- tures and disciplines. Young people from various regions and countries have gathered, and while moving between cities and local communities, they have created a center for feeling, discovering, conveying, and preserving the rich nature of the Earth, the lives of its inhabitants, and the forms nature should take. By 2030, they aim to establish a network connecting cities and regions worldwide, where humans and nature co-en- gage, seeking to preserve rich ecosystems while exploring new possibilities for relationships between people and nature. By 2050, they will build a Coral Ark—an offshore university—to foster deep, cross-border and cross-region- al connections for a future where diverse beings coexist and thrive. Through these activities, like coral reefs, where diverse beings coexist in mutual respect, they will create a better future for both humanity and nature by ensuring that each region’s unique natural environments and cultures are honored and sustained. In collaboration with organizations like the Kikai Institute for Coral Reef Sciences, the Inochi Forum will work to create a future where nature and culture are respected and flourish in harmony. [References] ・Kikai Institute for Coral Reef Sciences: https://kikaireefs.org ・Research Institute for Humanity and Nature – SceNE Project: https://www.chikyu.ac.jp/rihn/activities/project/detail/26 ・Coral Reef Earth Environmental Studies Laboratory, Hokkaido University: https://www.sci.hokudai.ac.jp/grp/crees/CREES-web [Action Platform] Environment and Biodiversity [SDGs]"
4-6-6,4,4-6,112,"Make the burdens that human activity imposes on nature—the “Voices of Inochi”—visible and use this as a catalyst to change our mindsets and behaviors. Let us expand Japan’s practices into a global framework. ecosystems as teachers and aims to revolutionize human land use and development, returning habitats to other forms of life. To achieve this, it is not sufficient to address only the physical aspects such as buildings and infrastructure. While technical solutions may exist, they are often not chosen or implemented because they are obstructed by human sys- tems—economic indicators, evaluation criteria, institutional behavior, and cultural frameworks—which themselves stem from the inner states of human beings. Give Space approaches “space” through four dimensions: 1. Physical 2. Mental (economic, legal, organizational, cultural) 3. Emotional (feelings, emotions, sensitivities) 4. Spiritual (mind, soul) It is a process of engaging with all these realms through everyday actions. Based on her previous work, Iguchi established the General Incorporated Association Give Space Urban Design and will advance efforts to return land to non-human lives through three pillars: ●Research – showcasing pioneering global practices, ar- chitectural methods and tools, and promoting academic publications originating from Japan. ●Practice – providing urban development consulting ser- vices for the private sector, offering educational programs for individuals (especially children) to nurture “a sensitiv- ity for Inochi” and “a love for nature”, and operating sites of practical Give Space implementation in collaboration with those who possess land but seek meaningful ways to use it. ●Evaluation – introducing new assessment methods that leave positive footprints on the Earth and supporting a transition toward life-centered values in as many develop- ment projects as possible. The Inochi Forum will advocate for the principles of Give Space—enabling the sharing of habitats with the lives be- yond human beings—to be embedded in national policies, urban development practices, and corporate initiatives, by engaging with policymakers, public officials, architects, engineers, and other professionals. [Action Platform] Urban Development and Disaster Preparedness [SDGs]"
5-1-1,4,5-1,114,"Explore coexistence with nature from the perspective of younger generations, and co-cre- ate concrete actions toward a sustainable society through dialogue that transcends genera- tions and cultures. 5 Understand Inochi “Feeling the Sea” Exhibition in Shibuya, Tokyo"
5-1-2,5,5-1,115,Reflect on global challenges through something as familiar as food. Food is intricately con- nected to global issues such as climate change and armed conflicts. Let us join hands to address challenges other than food as well. “20 Tragedies Hidden from the World” exhibited at the Osaka-Kansai Expo. Photo cour- tesy of UNDP Tokyo.
5-1-3,5,5-1,116,Cultivate the power to care for distant and future Inochi and tackle climate change as an issue that concerns us all.
5-1-4,5,5-1,117,"To protect the future of Earth’s environment, expand partnership activities based on empa- thy, build a platform for realization, and create a society where everyone can choose actions that value Inochi."
5-2-1,5,5-2,119,"Through learning and dialogue facilitated by games, feel the contrast between a world with a shared goal and one without—and co-create an inclusive society where everyone can shape the future together. Board Game “Get The Point” A localized version was launched in Ichihara City, Chiba Prefecture “Touch The Point” experience session"
5-2-2,5,5-2,120,"Cultivate the perspectives necessary for realizing a future where every Inochi unleashes its radiant light by using “serious games” based on various social issues to simulate sustain- able futures, and enhance our capacity for empathy through imaginative, communicative engagement with one another. regardless of visual ability—to learn and engage together. The project also explores a model in which people with visual impairments themselves serve as facilitators, fostering inclusive educational spaces. SUNABA Corporation will promote the following three ac- tions toward 2050: 1. Expanding and Evolving “Get The Point” Building on past success, they will further collaborate with schools, businesses, and municipalities to provide sustainable learning environments. Looking ahead, they aim to expand the program globally, offering opportunities to explore shared global goals beyond national borders. 2. Creating Inclusive Spaces for Learning and Dialogue By utilizing “Touch The Point”, they will increase opportu- nities for shared learning regardless of physical ability. They also plan to develop experiential workshops that bring together people from diverse backgrounds, contrib- uting to the realization of a truly inclusive society. 3. Expanding Game-Based Learning Programs Currently, they are also developing and implementing an anti-bullying workshop using gameplay. These workshops offer children a chance to explore why bullying occurs and how it can be prevented. Going forward, they will continue to apply game-based learning to social issues, promoting deeper understanding through experience. Learning about the SDGs and social challenges should go beyond acquiring knowledge, it should be a profound, embodied experience. The Inochi Forum will continue to support the dissemination of educational methods that in- tegrate games and dialogue-based workshops as powerful tools to deepen such learning. [References] ・“Get The Point” – SDGs Learning Game for Children and Adults: https://www.sdgsgtp.com/ [Action Platform] Education and Children [SDGs] Workshop using “serious games”"
5-2-3,5,5-2,121,"Harness technology to create connections with the frontlines of social challenges and fos- ter broader empathy among people. societies, environmental challenges, well-being, parenting, and democracy—all rooted in the SDGs. He now hosts approximately 100 events annually in collaboration with governments, schools, and communities. The aim of these activities is to cultivate mutual communication and empathy toward diverse opinions. Words spoken from differing per- spectives and values can open up new awareness. When people share the same experience, they are more likely to empathize with and accept different viewpoints. Mr. Inui recounts encountering many such moments. Looking toward 2050, he aims to help create communi- ty spaces where local residents—across generations and social positions—can imagine and co-create a shared future. His hope is that participants will experience joy, delight, and empathy, which inspired the project’s name: “JOY & JOIN.” The foundation of this initiative is co-creation and collabo- ration. By connecting with more people in more places, he strives to foster these interactive spaces through serious games. While the facilitator guides the process, the true protagonists are the participants. What matters is the shared creation of the space itself. Mr. Inui is committed to traveling anywhere the opportunity arises—or initiating engagement himself—to play a role in drawing out learning and insight. By finding empathic companions and fresh ideas in different regions, he seeks to grow this movement, likening the jour- ney to an expansive role-playing game—one that connects present action to future transformation. The Inochi Forum shares the vision of JOY & JOIN and will actively promote serious games more widely. By enabling more people to simulate sustainable futures, this approach fosters the perspectives needed for the future and strength- ens empathy, enhancing the feasibility of realizing a society in which every Inochi unleashes its radiant light. [References] ・2030SDGs https://imacocollabo.or.jp/2030sdgs/ ・SDGs de Chiho Sosei https://sdgslocal.jp/ ・Flood & Storm Simulation “Fusuigai24” https://issueplusdesign.jp/fusuigai24/ ・SDGs for School https://www.thinktheearth.net/sdgs/ ・Super-Aging Society Experience Game “Community Coping” https://comcop.jp/ ・“Walking Through the World of Dementia” https://issueplusdesign.jp/dementia_world/ ・Decarbonized Community College https://issueplusdesign.jp/climatechange/college/ ・2050 Carbon Neutral https://www.projectdesign.co.jp/2050-carbon-neutral/ ・Forest & Future “Moritomirai” https://www.projectdesign.co.jp/moritomirai/ ・Coral Quest https://sangoquest.com/ ・Demopolly https://readyfor.jp/projects/118551 ・Tsuitsui Cards https://readyfor.jp/projects/tsui-tsui-card [Action Platform] SDGs+Beyond [SDGs] Participants experiencing the Empathy VR programme"
5-2-4,5,5-2,122,"Unleash humanity from the limitations of the physical body through avatars, and create a society where every individual is recognized, connected, and lives together in harmony. providing diverse audiences with opportunities to connect with the realities of social issues. In the field of education, Cross Fields has developed and de- livered educational content for junior and senior high school students across Japan. They have created ten inquiry-based learning modules covering topics such as “Poverty in Cambodia” and “Energy Issues in Tanzania,” making these materials freely available to teachers nationwide. These vir- tual experiences allow students to engage with realities they cannot easily access in person. Within two years of launch, approximately 1,500 students from around 20 schools have participated. Teachers have reported positive feedback, in- cluding comments like: “Students discovered new research topics through the classes.” In recent years, collaboration with corporations has also accelerated. Specifically, Cross Fields has developed and provided Empathy VR programs aligned with each compa- ny’s materiality—namely, issues of particular importance to the company and its stakeholders. By helping employees internalize social issues, the programs support the advance- ment of sustainability management within corporations. To date, Cross Fields has collaborated with about 15 com- panies and delivered programs to over 10,000 employees. Business professionals who have experienced the programs have shared feedback such as: “I realized the necessity of addressing both profitability and societal sustainability.” Building on these achievements, Cross Fields aims to further develop the Empathy VR initiative by 2030, striving to cre- ate a world where social issues are continuously addressed. They plan to scale these activities globally, providing op- portunities for people around the world to internalize social challenges and inspiring action. While it may be difficult to completely eradicate social issues as long as humanity exists, it is possible to create a world where, whenever social issues arise, individuals who are motivated to solve them also emerge, taking meaning- ful action toward resolution. The Inochi Forum shares this belief and will work with organizations like Cross Fields that leverage technology, offering many people the opportunity to internalize social issues as their own. [References] ・Example of Empathy VR use in public schools, available for free via the STEAM Library: https://www.crossfields.jp/pressrelease/steam-library ・Development of 360-degree experiential sustainability program for Mitsui & Co.: https://www.crossfields.jp/pressrelease/mitsui-program ・Launch of Empathy VR (interactive e-learning) for promoting corporate sustainability management: https://www.crossfields.jp/pressrelease/vr-e-learning [Action Platform] SDGs+Beyond [SDGs]"
5-3-1,5,5-3,124,"Aim for new forms of wealth based on value metrics that awaken the desire for symbiosis, ensuring the sustainable circulation and regeneration of the Inochi that embraces both hu- manity and the artifacts we create. Left: SINIC Theory Science, Technology and Society Diagram Right: The Basic Model of SINIC Theory"
5-3-2,5,5-3,125,"Let us address the limitations of current metrics like GDP by developing Integrated Flour- ishing Measures (IFMs) to capture non-material aspects of societal well-being, such as emotional resilience and cultural vitality."
5-3-3,5,5-3,127,"To create positive social change through business activities, it is the unquantifiable values that matter most. Let us revisit, reinterpret, and transmit these values to the world, begin- ning from various regions of Japan. The Kyotostyle Protocol in session"
5-3-4,5,5-3,128,"Create a world in which, regardless of where one lives, the knowledge, skills, and credibil- ity gained through learning and working can be made visible, fairly evaluated, and used to pursue paths that align with one’s passions and strengths. https://kyotostyle.jp/kyotoryu/ ・Zebra Enterprises https://www.zebrasand.co.jp/3565 ・Uedahonsha Co. Ltd. https://www.ueda-h.co.jp/ [Action Platform] Arts, Culture and Sports [SDGs] Research on the Standardization and Governance of Academic Qualification Certification"
5-3-5,5,5-3,129,"Strengthen the capacities and competencies of the academic and research community to drive interdisciplinary systemic change, deliver evidence-based guidance, and foster global collaboration—to lead food systems transformation, improve nutrition, and tackle climate and health challenges, toward a healthier, more equitable future."
5-3-6,5,5-3,131,"Looking ahead to 2050, initiate multi-stakeholder discussions grounded in science. Build momentum toward establishing post-2030 goals beyond the current SDGs timeframe. The SDGs have fundamentally transformed the structure of global governance. Traditionally, global governance relied on a rules-based approach—international regimes formed through treaties, agreements, and protocols. However, many global challenges have lacked consensus or urgency among nations, stalling negotiations and progress. Amidst this impasse, a new governance approach emerged: “governance through goals.” Rather than coordinating and aligning different sets of national rules, this model prioritizes shared goals. In the case of the SDGs, the primary objective was to agree on long-term targets set roughly 15 years into the future. By collectively committing to aspirational goals rather than waiting for binding agreements, countries, orga- nizations, and individuals could take action, fostering part- nerships through shared vision. This marked the beginning of a novel form of global governance. In the decade since the SDGs were adopted, the world has experienced unprecedented events such as the COVID-19 pandemic and the return of armed conflicts—developments few anticipated in 2015. Within this changing context, how has governance through goals evolved? The 2023 Global Sustainable Development Report (GSDR) provided a com- prehensive assessment of global SDG progress. Findings re- vealed that progress toward achieving the SDGs remained below 20%, indicating the urgent need for transformative action. The report emphasized the necessity of developing new models of transformation and understanding how such transformation can be achieved. Japan’s efforts were summarized in its 2025 Voluntary National Review (VNR). Of the 244 global indicators, Ja- pan was able to measure 173. Among them, 20 indicators had already been achieved, 53 showed improving trends, while 22 had regressed. The evaluation highlighted areas of progress, but also revealed institutional delays and a lack of leadership. Given these findings, the time has come to look beyond the SDGs. While efforts to achieve the 2030 targets must continue, we must also consider the goals and actions required for sustainability beyond 2030. The focus is now shifting toward 2050. In February 2025, the “Beyond SDGs Public-Private Forum” was launched under the leadership of Professor Kenji Kanie of Keio University. Bringing together stakeholders from government, industry, academia, NGOs, and youth organi- zations, the Forum has begun discussing long-term objec- tives and future visions centered around themes such as well-being and capabilities, a sustainable and just economy, resilient food systems and sound nutrition, decarbonization with universal access to energy, urban and suburban devel- opment, and global environmental commons. At the United Nations, deliberations on the post-2030 agenda are sched- uled to begin in 2027. The Forum aims to submit proposals to these UN discussions. Equally important, however, is the process of dialogue itself—a critical opportunity for collec- tive learning. The Inochi Forum is actively participating in forums such as the Beyond SDGs Public-Private Forum and related intia- tives, engaging in reflective discussions on the SDGs and exploring the visions we must strive toward for the future of humanity and the planet. Through this collaboration, we will work to present to the world a pathway toward that vision and a new form of governance that ensures every Inochi can unleashes its radiant light. [References] ・“Beyond SDGs Public-Private Forum” (Tentative name; presen- tation by Kenji Kanie, October 31, 2024) https://www.kantei.go.jp/jp/singi/sdgs/entakukaigi_dai19/siry- ou4-2.pdf [Action Platform] SDGs+Beyond [SDGs]"
5-4-1,5,5-4,132,"Inherit the legacy of co-evolution between life and Earth, and now move into the next stage of co-evolution between humanity and the planet. Let us reframe the Anthropocene as the century of upgrading Earth’s operating system by humanity, and awaken the intellectual creativity that is inherent in all of us. Sphere – The Tangible Earth"
5-4-2,5,5-4,133,"Exploring scientific knowledge alongside other ways of knowing - including people’s expe- riences, spirituality, philosophy and religion - empowers people (young and old) to make wise, values-based decisions that promote flourishing and strengthen society’s empathy, cohesion and inclusiveness. A school event in the UK Training event for educators in the UK"
5-4-3,5,5-4,134,"Compile and articulate the knowledge and aspirations accumulated in the field of social issues—through the lens of Inochi and incorporating academic terminology—so that these may be shared, discussed, and spread among a wider people."
5-4-4,5,5-4,135,Toward a resonant society where every Inochi intertwines and weaves the future as it is SSI: Building a future society where every Inochi unleashes its radiant light
5-4-5,5,5-4,137,"Humans are dynamic entities who co-create value with others in pursuit of the common good of the future. Let us become individuals who feel before thinking, empathize with dif- ferences, engage in dialogue, encounter leaps of insight, and persevere together as a united scrum. Figure 1: SECI Model Figure 2: “Practical Wisdom Leadership”"
