issue_number,date,url,ext,source_page
320,2003-09-01,https://www.vill.tenkawa.nara.jp/office/wp-content/uploads/2003/09/koho320.pdf,pdf,23
321,2003-10-01,https://www.vill.tenkawa.nara.jp/office/wp-content/uploads/2016/03/koho321.pdf,pdf,23
322,2003-11-01,https://www.vill.tenkawa.nara.jp/office/wp-content/uploads/2016/03/koho322.pdf,pdf,23
323,2003-12-01,https://www.vill.tenkawa.nara.jp/office/wp-content/uploads/2016/03/koho323.pdf,pdf,23
324,2004-01-01,https://www.vill.tenkawa.nara.jp/office/wp-content/uploads/2016/03/koho324.pdf,pdf,23
325,2004-02-01,https://www.vill.tenkawa.nara.jp/office/wp-content/uploads/2016/03/koho325.pdf,pdf,23
326,2004-03-01,https://www.vill.tenkawa.nara.jp/office/wp-content/uploads/2016/03/koho326.pdf,pdf,23
327,2004-04-01,https://www.vill.tenkawa.nara.jp/office/wp-content/uploads/2016/03/koho327.pdf,pdf,23
328,2004-05-01,https://www.vill.tenkawa.nara.jp/office/wp-content/uploads/2016/03/koho328.pdf,pdf,23
329,2004-06-01,https://www.vill.tenkawa.nara.jp/office/wp-content/uploads/2016/03/koho329.pdf,pdf,23
330,2004-07-01,https://www.vill.tenkawa.nara.jp/office/wp-content/uploads/2016/03/koho330.pdf,pdf,23
331,2004-08-01,https://www.vill.tenkawa.nara.jp/office/wp-content/uploads/2016/03/koho331.pdf,pdf,23
332,2004-09-01,https://www.vill.tenkawa.nara.jp/office/wp-content/uploads/2016/03/koho332.pdf,pdf,22
333,2004-10-01,https://www.vill.tenkawa.nara.jp/office/wp-content/uploads/2016/03/koho333.pdf,pdf,22
334,2004-11-01,https://www.vill.tenkawa.nara.jp/office/wp-content/uploads/2016/03/koho334.pdf,pdf,22
335,2004-12-01,https://www.vill.tenkawa.nara.jp/office/wp-content/uploads/2016/03/koho335.pdf,pdf,22
336,2005-01-01,https://www.vill.tenkawa.nara.jp/office/wp-content/uploads/2016/03/koho336.pdf,pdf,22
337,2005-02-01,https://www.vill.tenkawa.nara.jp/office/wp-content/uploads/2016/03/koho337.pdf,pdf,22
338,2005-03-01,https://www.vill.tenkawa.nara.jp/office/wp-content/uploads/2016/03/koho338.pdf,pdf,22
339,2005-04-01,https://www.vill.tenkawa.nara.jp/office/wp-content/uploads/2016/03/koho339.pdf,pdf,22
340,2005-05-01,https://www.vill.tenkawa.nara.jp/office/wp-content/uploads/2016/03/koho340.pdf,pdf,22
341,2005-06-01,https://www.vill.tenkawa.nara.jp/office/wp-content/uploads/2016/03/koho341.pdf,pdf,22
342,2005-07-31,https://www.vill.tenkawa.nara.jp/office/wp-content/uploads/2016/03/koho342.pdf,pdf,22
343,2005-08-31,https://www.vill.tenkawa.nara.jp/office/wp-content/uploads/2016/03/koho343.pdf,pdf,22
344,2005-09-30,https://www.vill.tenkawa.nara.jp/office/wp-content/uploads/2016/03/koho344.pdf,pdf,21
345,2005-10-31,https://www.vill.tenkawa.nara.jp/office/wp-content/uploads/2016/03/koho345.pdf,pdf,21
346,2005-11-30,https://www.vill.tenkawa.nara.jp/office/wp-content/uploads/2016/03/koho346.pdf,pdf,21
347,2005-12-31,https://www.vill.tenkawa.nara.jp/office/wp-content/uploads/2016/03/koho347.pdf,pdf,21
348,2006-01-31,https://www.vill.tenkawa.nara.jp/office/wp-content/uploads/2016/03/koho348.pdf,pdf,21
349,2006-02-28,https://www.vill.tenkawa.nara.jp/office/wp-content/uploads/2016/03/koho349.pdf,pdf,21
350,2006-03-31,https://www.vill.tenkawa.nara.jp/office/wp-content/uploads/2016/03/koho350.pdf,pdf,21
351,2006-04-30,https://www.vill.tenkawa.nara.jp/office/wp-content/uploads/2016/03/koho351.pdf,pdf,21
352,2006-05-31,https://www.vill.tenkawa.nara.jp/office/wp-content/uploads/2016/03/koho352.pdf,pdf,21
353,2006-06-30,https://www.vill.tenkawa.nara.jp/office/wp-content/uploads/2016/03/koho353.pdf,pdf,21
354,2006-07-31,https://www.vill.tenkawa.nara.jp/office/wp-content/uploads/2016/03/koho354.pdf,pdf,21
355,2006-08-31,https://www.vill.tenkawa.nara.jp/office/wp-content/uploads/2016/03/koho355.pdf,pdf,21
356,2006-09-30,https://www.vill.tenkawa.nara.jp/office/wp-content/uploads/2016/03/koho356.pdf,pdf,20
357,2006-10-31,https://www.vill.tenkawa.nara.jp/office/wp-content/uploads/2016/03/koho357.pdf,pdf,20
358,2006-11-30,https://www.vill.tenkawa.nara.jp/office/wp-content/uploads/2016/03/koho358.pdf,pdf,20
359,2006-12-31,https://www.vill.tenkawa.nara.jp/office/wp-content/uploads/2016/03/koho359.pdf,pdf,20
360,2007-01-31,https://www.vill.tenkawa.nara.jp/office/wp-content/uploads/2016/03/koho360.pdf,pdf,20
361,2007-02-28,https://www.vill.tenkawa.nara.jp/office/wp-content/uploads/2016/03/koho361.pdf,pdf,20
362,2007-03-31,https://www.vill.tenkawa.nara.jp/office/wp-content/uploads/2016/03/koho362.pdf,pdf,20
363,2007-04-30,https://www.vill.tenkawa.nara.jp/office/wp-content/uploads/2016/03/koho363.pdf,pdf,20
364,2007-05-31,https://www.vill.tenkawa.nara.jp/office/wp-content/uploads/2016/03/koho364.pdf,pdf,20
365,2007-06-30,https://www.vill.tenkawa.nara.jp/office/wp-content/uploads/2016/03/koho365.pdf,pdf,20
366,2007-07-31,https://www.vill.tenkawa.nara.jp/office/wp-content/uploads/2016/03/koho366.pdf,pdf,20
367,2007-08-31,https://www.vill.tenkawa.nara.jp/office/wp-content/uploads/2016/03/koho367.pdf,pdf,20
368,2007-09-30,https://www.vill.tenkawa.nara.jp/office/wp-content/uploads/2016/03/koho368.pdf,pdf,19
369,2007-10-31,https://www.vill.tenkawa.nara.jp/office/wp-content/uploads/2016/03/koho369.pdf,pdf,19
370,2007-11-30,https://www.vill.tenkawa.nara.jp/office/wp-content/uploads/2016/03/koho370.pdf,pdf,19
371,2007-12-31,https://www.vill.tenkawa.nara.jp/office/wp-content/uploads/2016/03/koho371.pdf,pdf,19
372,2008-01-31,https://www.vill.tenkawa.nara.jp/office/wp-content/uploads/2016/03/koho372.pdf,pdf,19
373,2008-02-29,https://www.vill.tenkawa.nara.jp/office/wp-content/uploads/2016/03/koho373.pdf,pdf,19
374,2008-03-31,https://www.vill.tenkawa.nara.jp/office/wp-content/uploads/2016/03/koho374.pdf,pdf,19
375,2008-04-30,https://www.vill.tenkawa.nara.jp/office/wp-content/uploads/2016/03/koho375.pdf,pdf,19
376,2008-05-31,https://www.vill.tenkawa.nara.jp/office/wp-content/uploads/2016/03/koho376.pdf,pdf,19
377,2008-06-30,https://www.vill.tenkawa.nara.jp/office/wp-content/uploads/2016/03/koho377.pdf,pdf,19
378,2008-07-31,https://www.vill.tenkawa.nara.jp/office/wp-content/uploads/2016/03/koho378.pdf,pdf,19
379,2008-08-31,https://www.vill.tenkawa.nara.jp/office/wp-content/uploads/2016/03/koho379.pdf,pdf,19
380,2008-09-30,https://www.vill.tenkawa.nara.jp/office/wp-content/uploads/2016/03/koho380.pdf,pdf,18
381,2008-10-31,https://www.vill.tenkawa.nara.jp/office/wp-content/uploads/2016/03/koho381.pdf,pdf,18
382,2008-11-30,https://www.vill.tenkawa.nara.jp/office/wp-content/uploads/2016/03/koho382.pdf,pdf,18
383,2008-12-31,https://www.vill.tenkawa.nara.jp/office/wp-content/uploads/2016/03/koho383.pdf,pdf,18
384,2009-01-31,https://www.vill.tenkawa.nara.jp/office/wp-content/uploads/2016/03/koho384.pdf,pdf,18
385,2009-02-28,https://www.vill.tenkawa.nara.jp/office/wp-content/uploads/2016/03/koho385.pdf,pdf,18
386,2009-03-31,https://www.vill.tenkawa.nara.jp/office/wp-content/uploads/2016/03/koho386.pdf,pdf,18
387,2009-04-30,https://www.vill.tenkawa.nara.jp/office/wp-content/uploads/2016/03/koho387.pdf,pdf,18
388,2009-05-31,https://www.vill.tenkawa.nara.jp/office/wp-content/uploads/2016/03/koho388.pdf,pdf,18
389,2009-06-30,https://www.vill.tenkawa.nara.jp/office/wp-content/uploads/2016/03/koho389.pdf,pdf,18
390,2009-07-31,https://www.vill.tenkawa.nara.jp/office/wp-content/uploads/2016/03/koho390.pdf,pdf,18
391,2009-08-31,https://www.vill.tenkawa.nara.jp/office/wp-content/uploads/2016/03/koho391.pdf,pdf,18
392,2009-09-30,https://www.vill.tenkawa.nara.jp/office/wp-content/uploads/2016/03/koho392.pdf,pdf,17
393,2009-10-31,https://www.vill.tenkawa.nara.jp/office/wp-content/uploads/2016/03/koho393.pdf,pdf,17
394,2009-11-30,https://www.vill.tenkawa.nara.jp/office/wp-content/uploads/2016/03/koho394.pdf,pdf,17
395,2009-12-31,https://www.vill.tenkawa.nara.jp/office/wp-content/uploads/2016/03/koho395.pdf,pdf,17
396,2010-01-31,https://www.vill.tenkawa.nara.jp/office/wp-content/uploads/2016/03/koho396.pdf,pdf,17
397,2010-02-28,https://www.vill.tenkawa.nara.jp/office/wp-content/uploads/2016/03/koho397.pdf,pdf,17
398,2010-03-31,https://www.vill.tenkawa.nara.jp/office/wp-content/uploads/2016/03/koho398.pdf,pdf,17
399,2010-04-30,https://www.vill.tenkawa.nara.jp/office/wp-content/uploads/2016/03/koho399.pdf,pdf,17
400,2010-05-31,https://www.vill.tenkawa.nara.jp/office/wp-content/uploads/2016/03/koho400.pdf,pdf,17
401,2010-06-30,https://www.vill.tenkawa.nara.jp/office/wp-content/uploads/2016/03/koho401.pdf,pdf,17
402,2010-07-31,https://www.vill.tenkawa.nara.jp/office/wp-content/uploads/2016/03/koho402.pdf,pdf,17
403,2010-08-31,https://www.vill.tenkawa.nara.jp/office/wp-content/uploads/2016/03/koho403.pdf,pdf,17
404,2010-09-30,https://www.vill.tenkawa.nara.jp/office/wp-content/uploads/2016/03/koho404.pdf,pdf,16
405,2010-10-31,https://www.vill.tenkawa.nara.jp/office/wp-content/uploads/2016/03/koho405.pdf,pdf,16
406,2010-11-30,https://www.vill.tenkawa.nara.jp/office/wp-content/uploads/2016/03/koho406.pdf,pdf,16
407,2010-12-31,https://www.vill.tenkawa.nara.jp/office/wp-content/uploads/2016/03/koho407.pdf,pdf,16
408,2011-01-31,https://www.vill.tenkawa.nara.jp/office/wp-content/uploads/2016/03/koho408.pdf,pdf,16
409,2011-02-28,https://www.vill.tenkawa.nara.jp/office/wp-content/uploads/2016/03/koho409.pdf,pdf,16
410,2011-03-31,https://www.vill.tenkawa.nara.jp/office/wp-content/uploads/2016/03/koho410.pdf,pdf,16
411,2011-04-30,https://www.vill.tenkawa.nara.jp/office/wp-content/uploads/2016/03/koho411.pdf,pdf,16
412,2011-05-31,https://www.vill.tenkawa.nara.jp/office/wp-content/uploads/2016/03/koho412.pdf,pdf,16
413,2011-06-30,https://www.vill.tenkawa.nara.jp/office/wp-content/uploads/2016/03/koho413.pdf,pdf,16
414,2011-07-31,https://www.vill.tenkawa.nara.jp/office/wp-content/uploads/2016/03/koho414.pdf,pdf,16
415,2011-08-31,https://www.vill.tenkawa.nara.jp/office/wp-content/uploads/2016/03/koho415.pdf,pdf,16
416,2011-09-30,https://www.vill.tenkawa.nara.jp/office/wp-content/uploads/2016/03/koho416.pdf,pdf,15
417,2011-10-31,https://www.vill.tenkawa.nara.jp/office/wp-content/uploads/2016/03/koho417.pdf,pdf,15
418,2011-11-30,https://www.vill.tenkawa.nara.jp/office/wp-content/uploads/2016/03/koho418.pdf,pdf,15
419,2011-12-31,https://www.vill.tenkawa.nara.jp/office/wp-content/uploads/2016/03/koho419.pdf,pdf,15
420,2012-01-31,https://www.vill.tenkawa.nara.jp/office/wp-content/uploads/2016/03/koho420.pdf,pdf,15
421,2012-02-29,https://www.vill.tenkawa.nara.jp/office/wp-content/uploads/2012/02/11.pdf,pdf,15
422,2012-03-31,https://www.vill.tenkawa.nara.jp/office/wp-content/uploads/2016/03/koho422.pdf,pdf,15
423,2012-04-30,https://www.vill.tenkawa.nara.jp/office/wp-content/uploads/2016/03/koho423.pdf,pdf,15
424,2012-05-31,https://www.vill.tenkawa.nara.jp/office/wp-content/uploads/2016/03/koho424.pdf,pdf,15
425,2012-06-30,https://www.vill.tenkawa.nara.jp/office/wp-content/uploads/2016/03/koho425.pdf,pdf,15
426,2012-07-31,https://www.vill.tenkawa.nara.jp/office/wp-content/uploads/2016/03/koho426.pdf,pdf,15
427,2012-08-31,https://www.vill.tenkawa.nara.jp/office/wp-content/uploads/2016/03/koho427.pdf,pdf,14
428,2012-09-30,https://www.vill.tenkawa.nara.jp/office/wp-content/uploads/2016/03/koho428.pdf,pdf,14
429,2012-10-31,https://www.vill.tenkawa.nara.jp/office/wp-content/uploads/2016/03/koho429.pdf,pdf,14
430,2012-11-30,https://www.vill.tenkawa.nara.jp/office/wp-content/uploads/2016/03/koho430.pdf,pdf,14
431,2012-12-31,https://www.vill.tenkawa.nara.jp/office/wp-content/uploads/2016/03/koho431.pdf,pdf,14
432,2013-01-31,https://www.vill.tenkawa.nara.jp/office/wp-content/uploads/2016/03/koho432.pdf,pdf,14
433,2013-02-28,https://www.vill.tenkawa.nara.jp/office/wp-content/uploads/2016/03/koho433.pdf,pdf,14
434,2013-03-31,https://www.vill.tenkawa.nara.jp/office/wp-content/uploads/2016/03/koho434.pdf,pdf,14
435,2013-05-01,https://www.vill.tenkawa.nara.jp/office/wp-content/uploads/2016/03/koho435.pdf,pdf,14
436,2013-06-01,https://www.vill.tenkawa.nara.jp/office/wp-content/uploads/2016/03/koho436.pdf,pdf,14
437,2013-07-01,https://www.vill.tenkawa.nara.jp/office/wp-content/uploads/2016/03/koho437.pdf,pdf,14
438,2013-08-01,https://www.vill.tenkawa.nara.jp/office/wp-content/uploads/2016/03/koho438.pdf,pdf,14
439,2013-09-01,https://www.vill.tenkawa.nara.jp/office/wp-content/uploads/2016/03/koho439.pdf,pdf,13
440,2013-10-01,https://www.vill.tenkawa.nara.jp/office/wp-content/uploads/2016/03/koho440.pdf,pdf,13
441,2013-11-01,https://www.vill.tenkawa.nara.jp/office/wp-content/uploads/2016/03/koho441.pdf,pdf,13
442,2013-12-01,https://www.vill.tenkawa.nara.jp/office/wp-content/uploads/2016/03/koho442.pdf,pdf,13
443,2014-01-01,https://www.vill.tenkawa.nara.jp/office/wp-content/uploads/2016/03/koho443.pdf,pdf,13
444,2014-02-01,https://www.vill.tenkawa.nara.jp/office/wp-content/uploads/2016/03/koho444.pdf,pdf,13
445,2014-03-01,https://www.vill.tenkawa.nara.jp/office/wp-content/uploads/2016/03/koho445.pdf,pdf,13
446,2014-04-01,https://www.vill.tenkawa.nara.jp/office/wp-content/uploads/2016/03/koho446.pdf,pdf,13
447,2014-05-01,https://www.vill.tenkawa.nara.jp/office/wp-content/uploads/2016/03/koho447.pdf,pdf,13
448,2014-06-01,https://www.vill.tenkawa.nara.jp/office/wp-content/uploads/2016/03/koho448.pdf,pdf,13
449,2014-07-01,https://www.vill.tenkawa.nara.jp/office/wp-content/uploads/2016/03/koho449.pdf,pdf,13
450,2014-08-01,https://www.vill.tenkawa.nara.jp/office/wp-content/uploads/2016/03/koho450.pdf,pdf,13
451,2014-09-01,https://www.vill.tenkawa.nara.jp/office/wp-content/uploads/2016/03/koho451.pdf,pdf,12
452,2014-10-01,https://www.vill.tenkawa.nara.jp/office/wp-content/uploads/2016/03/koho452.pdf,pdf,12
453,2014-11-01,https://www.vill.tenkawa.nara.jp/office/wp-content/uploads/2016/03/koho453.pdf,pdf,12
454,2014-12-01,https://www.vill.tenkawa.nara.jp/office/wp-content/uploads/2016/03/koho454.pdf,pdf,12
455,2015-01-01,https://www.vill.tenkawa.nara.jp/office/wp-content/uploads/2016/03/koho455.pdf,pdf,12
456,2015-02-01,https://www.vill.tenkawa.nara.jp/office/wp-content/uploads/2016/03/koho456.pdf,pdf,12
457,2015-03-01,https://www.vill.tenkawa.nara.jp/office/wp-content/uploads/2016/03/koho457.pdf,pdf,12
458,2015-04-01,https://www.vill.tenkawa.nara.jp/office/wp-content/uploads/2016/03/koho458.pdf,pdf,12
459,2015-05-01,https://www.vill.tenkawa.nara.jp/office/wp-content/uploads/2016/03/koho459.pdf,pdf,12
460,2015-06-18,https://www.vill.tenkawa.nara.jp/office/wp-content/uploads/2016/03/koho460.pdf,pdf,12
461,2015-07-01,https://www.vill.tenkawa.nara.jp/office/wp-content/uploads/2016/03/koho461.pdf,pdf,12
462,2015-08-01,https://www.vill.tenkawa.nara.jp/office/wp-content/uploads/2016/03/koho462.pdf,pdf,12
463,2015-09-01,https://www.vill.tenkawa.nara.jp/office/wp-content/uploads/2016/03/koho463.pdf,pdf,11
464,2015-10-01,https://www.vill.tenkawa.nara.jp/office/wp-content/uploads/2016/03/koho464.pdf,pdf,11
465,2015-11-01,https://www.vill.tenkawa.nara.jp/office/wp-content/uploads/2016/03/koho465.pdf,pdf,11
466,2015-12-01,https://www.vill.tenkawa.nara.jp/office/wp-content/uploads/2016/03/koho466.pdf,pdf,11
467,2016-01-01,https://www.vill.tenkawa.nara.jp/office/wp-content/uploads/2016/03/koho467.pdf,pdf,11
468,2016-02-01,https://www.vill.tenkawa.nara.jp/office/wp-content/uploads/2016/03/koho468.pdf,pdf,11
469,2016-03-25,https://www.vill.tenkawa.nara.jp/office/wp-content/uploads/2016/03/352451f870681f6abc812afd9e644a26.pdf,pdf,11
470,2016-04-15,https://www.vill.tenkawa.nara.jp/office/wp-content/uploads/2016/04/3a73f0920f0a980fd16b0dc3966e4058.pdf,pdf,11
471,2016-05-18,https://www.vill.tenkawa.nara.jp/office/wp-content/uploads/2016/05/d57fc185feaf651f79608e42846126ed.pdf,pdf,11
472,2016-06-10,https://www.vill.tenkawa.nara.jp/office/wp-content/uploads/2016/06/98219f36e91eab81d569ad648d9540d0.pdf,pdf,11
473,2016-07-01,https://www.vill.tenkawa.nara.jp/office/wp-content/uploads/2016/07/be0112e2f9a1ba40cba32b905dd7caf6.pdf,pdf,11
474,2016-08-01,https://www.vill.tenkawa.nara.jp/office/wp-content/uploads/2016/08/523c554ee4677d6051bf007fe52b6451.pdf,pdf,11
475,2016-09-01,https://www.vill.tenkawa.nara.jp/office/wp-content/uploads/2016/09/c9b0a2cbea00e903c9154160dda49eb1.pdf,pdf,10
476,2016-10-01,https://www.vill.tenkawa.nara.jp/office/wp-content/uploads/2016/10/eea9abdb80e14780684871c860741808.pdf,pdf,10
477,2016-11-01,https://www.vill.tenkawa.nara.jp/office/wp-content/uploads/2016/10/886ed5583c5cc5a041b0763f32a5bdc6.pdf,pdf,10
478,2016-12-02,https://www.vill.tenkawa.nara.jp/office/wp-content/uploads/2016/12/d2288a13522134dd08a37411a67dbd9e.pdf,pdf,10
479,2017-01-01,https://www.vill.tenkawa.nara.jp/office/wp-content/uploads/2017/01/488d9f79fe510057c1119d6d552c45c2.pdf,pdf,10
480,2017-02-01,https://www.vill.tenkawa.nara.jp/office/wp-content/uploads/2017/01/a17df58f86fc64559fce0976ad74c9f5.pdf,pdf,10
481,2017-03-01,https://www.vill.tenkawa.nara.jp/office/wp-content/uploads/2017/03/ccf49c4b6735ed16b2620b9222e13476.pdf,pdf,10
482,2017-04-01,https://www.vill.tenkawa.nara.jp/office/wp-content/uploads/2017/04/d33b6e2450df3f255d424600cd8453e1.pdf,pdf,10
483,2017-05-01,https://www.vill.tenkawa.nara.jp/office/wp-content/uploads/2017/05/f6d7ee5781d0f4afd1ed6b07a8192a5f-1.pdf,pdf,10
484,2017-05-31,https://www.vill.tenkawa.nara.jp/office/wp-content/uploads/2017/05/7933a63cff47ce9f42985afc8e9cd32e.pdf,pdf,10
485,2017-07-12,https://www.vill.tenkawa.nara.jp/office/wp-content/uploads/2017/07/b43ca6160443a0c87887153fd1b03b68.pdf,pdf,10
486,2017-09-26,https://www.vill.tenkawa.nara.jp/office/wp-content/uploads/2017/09/8c2c4f79626dfbd35aab1cafeaca6d78.pdf,pdf,10
487,2017-09-26,https://www.vill.tenkawa.nara.jp/office/wp-content/uploads/2017/09/50ad90f280e6b9ff50906766b1068380.pdf,pdf,9
488,2017-12-04,https://www.vill.tenkawa.nara.jp/office/wp-content/uploads/2017/12/a071d2c0c468007f101690d6f5401d82.pdf,pdf,9
489,2017-12-04,https://www.vill.tenkawa.nara.jp/office/wp-content/uploads/2017/12/6c040b0ef9eb5be78317dbfa5c77db5b.pdf,pdf,9
490,2017-12-04,https://www.vill.tenkawa.nara.jp/office/wp-content/uploads/2017/12/d14f124fd72f266db6614cc012a760d4.pdf,pdf,9
491,2018-01-05,https://www.vill.tenkawa.nara.jp/office/wp-content/uploads/2018/01/09218fd8fe70f49847ae5a459a70619b.pdf,pdf,9
492,2018-03-01,https://www.vill.tenkawa.nara.jp/office/wp-content/uploads/2018/03/472160360c2bd60af1fd87fc7389602a.pdf,pdf,9
493,2018-03-01,https://www.vill.tenkawa.nara.jp/office/wp-content/uploads/2018/03/b7e9b92e480813ff673c0a0813e5275b.pdf,pdf,9
494,2018-04-04,https://www.vill.tenkawa.nara.jp/office/wp-content/uploads/2018/04/c3e79790b86d344e0a28c5a12f9197a0.pdf,pdf,9
495,2018-05-01,https://www.vill.tenkawa.nara.jp/office/wp-content/uploads/2018/07/4bee74195dad1e059342facadefbd0d1.pdf,pdf,9
496,2018-06-01,https://www.vill.tenkawa.nara.jp/office/wp-content/uploads/2018/07/ba63d1de74d58ee42448e8aa30c7bc8f.pdf,pdf,9
497,2018-07-01,https://www.vill.tenkawa.nara.jp/office/wp-content/uploads/2018/07/6ab8da63b9127f7173e46cdd53f4d1c2.pdf,pdf,9
498,2018-08-01,https://www.vill.tenkawa.nara.jp/office/wp-content/uploads/2018/08/e3757dee75759a08143f31ef04b348a4.pdf,pdf,9
499,2018-09-01,https://www.vill.tenkawa.nara.jp/office/wp-content/uploads/2018/10/16aec712394d3f19f660a6469ad8e93e.pdf,pdf,8
500,2018-10-01,https://www.vill.tenkawa.nara.jp/office/wp-content/uploads/2018/10/565d5236d1611f740926a14c72976b50.pdf,pdf,8
501,2018-11-01,https://www.vill.tenkawa.nara.jp/office/wp-content/uploads/2018/11/150209549609b4822b3e5f428c84f065.pdf,pdf,8
502,2018-12-01,https://www.vill.tenkawa.nara.jp/office/wp-content/uploads/2018/12/543ab0b50f087f357077ba90e7737db5.pdf,pdf,8
503,2019-01-01,https://www.vill.tenkawa.nara.jp/office/wp-content/uploads/2018/12/5fbe161c02baa7d0df73c63da5cd4461.pdf,pdf,8
504,2019-02-01,https://www.vill.tenkawa.nara.jp/office/wp-content/uploads/2019/02/5784bb7f88f570444f906b226442d255.pdf,pdf,8
505,2019-03-01,https://www.vill.tenkawa.nara.jp/office/wp-content/uploads/2019/03/702f475b2bc79fc11cc05cb4d77ddf23.pdf,pdf,8
506,2019-04-01,https://www.vill.tenkawa.nara.jp/office/wp-content/uploads/2019/05/3a678b7ce09913bd50945c2ebc8f0596.pdf,pdf,8
507,2019-05-01,https://www.vill.tenkawa.nara.jp/office/wp-content/uploads/2019/05/21824843f3c65cd7fa1afbb94ca3f5fd.pdf,pdf,8
508,2019-06-01,https://www.vill.tenkawa.nara.jp/office/wp-content/uploads/2019/07/46de485e90eeff438aedfa63cbcc0004.pdf,pdf,8
509,2019-07-01,https://www.vill.tenkawa.nara.jp/office/wp-content/uploads/2019/07/98dfc810c6b4dbc00f1878a5f4f4aa10.pdf,pdf,8
510,2019-08-01,https://www.vill.tenkawa.nara.jp/office/wp-content/uploads/2019/08/b874877e1b18e31fb65379c15f80cabd.pdf,pdf,8
511,2019-09-01,https://www.vill.tenkawa.nara.jp/office/wp-content/uploads/2019/10/629e743c4119fe44a34f4e5483501621.pdf,pdf,7
512,2019-10-01,https://www.vill.tenkawa.nara.jp/office/wp-content/uploads/2019/10/17354c08e078873ab22c59ff2b5452a4.pdf,pdf,7
513,2019-11-01,https://www.vill.tenkawa.nara.jp/office/wp-content/uploads/2019/11/5d33534dc0fbd34ed3b9fe3be526a9e9.pdf,pdf,7
514,2019-12-01,https://www.vill.tenkawa.nara.jp/office/wp-content/uploads/2019/12/e2f78f22711b73256a5f8485d156ea0c.pdf,pdf,7
515,2020-01-01,https://www.vill.tenkawa.nara.jp/office/wp-content/uploads/2020/02/d4d5e9a1b3ae17a4468ca050b96713a4.pdf,pdf,7
516,2020-02-01,https://www.vill.tenkawa.nara.jp/office/wp-content/uploads/2020/02/1275d3ce6a9cd90c1e6e2f81431636c0.pdf,pdf,7
517,2020-03-01,https://www.vill.tenkawa.nara.jp/office/wp-content/uploads/2020/03/a3075f29cc13c8381ddea8da22ab1c2c.pdf,pdf,7
518,2020-04-01,https://www.vill.tenkawa.nara.jp/office/wp-content/uploads/2020/04/20728965c78f34eb9db8a19f1c341cde.pdf,pdf,7
519,2020-05-01,https://www.vill.tenkawa.nara.jp/office/wp-content/uploads/2020/06/3ebae7283073c3dd921985fd1dfa3f7c.pdf,pdf,7
520,2020-06-01,https://www.vill.tenkawa.nara.jp/office/wp-content/uploads/2020/06/5a210fd00603d055a8e8350e10a2a835.pdf,pdf,7
521,2020-07-01,https://www.vill.tenkawa.nara.jp/office/wp-content/uploads/2020/06/49b0dba40bf75548eec2fc12de3aca4f-1.pdf,pdf,7
522,2020-08-01,https://www.vill.tenkawa.nara.jp/office/wp-content/uploads/2020/08/d1a9a7d5a37b2c6b6820debe6328ed06.pdf,pdf,6
523,2020-09-01,https://www.vill.tenkawa.nara.jp/office/wp-content/uploads/2020/09/a3b6abd20b7ded054c978d22b81cfd0c.pdf,pdf,6
524,2020-10-01,https://www.vill.tenkawa.nara.jp/office/wp-content/uploads/2020/10/002ece6e2dc69ccc995196c861fc8211.pdf,pdf,6
525,2020-11-01,https://www.vill.tenkawa.nara.jp/office/wp-content/uploads/2020/11/5bb36eea24100724fb0ac2289c40d058.pdf,pdf,6
526,2020-12-01,https://www.vill.tenkawa.nara.jp/office/wp-content/uploads/2020/12/5ca8a0cffd2ce42e2c39b81ddb1e7b42.pdf,pdf,6
527,2020-01-01,https://www.vill.tenkawa.nara.jp/office/wp-content/uploads/2020/12/ae9e1e8d26420dc367abd97aa2810d6d.pdf,pdf,7
528,2021-02-01,https://www.vill.tenkawa.nara.jp/office/wp-content/uploads/2021/02/7a8649824323c62389c8feff8e4f065e.pdf,pdf,6
529,2021-03-01,https://www.vill.tenkawa.nara.jp/office/wp-content/uploads/2021/03/62cc78be5ca76b569e50ea72d469a57f.pdf,pdf,6
530,2021-04-01,https://www.vill.tenkawa.nara.jp/office/wp-content/uploads/2021/04/3fea7639217b4434047872fc58a13bb5.pdf,pdf,6
531,2021-05-01,https://www.vill.tenkawa.nara.jp/office/wp-content/uploads/2021/05/00ac5bfb110f97f8bd379863f3e079dc.pdf,pdf,6
532,2021-06-01,https://www.vill.tenkawa.nara.jp/office/wp-content/uploads/2021/06/319f3974957cfa0aa925ea556d4dbfaa.pdf,pdf,6
533,2021-07-01,https://www.vill.tenkawa.nara.jp/office/wp-content/uploads/2021/07/c6ef548bb60b740a6dc5596ea0ddbb97.pdf,pdf,6
534,2021-08-02,https://www.vill.tenkawa.nara.jp/office/wp-content/uploads/2021/08/b70317dc79ef442ed7cb45ac7d18f69e.pdf,pdf,5
535,2021-09-01,https://www.vill.tenkawa.nara.jp/office/wp-content/uploads/2021/09/af4e87aa9e8aebf294fc60af585cbb70.pdf,pdf,5
536,2021-10-01,https://www.vill.tenkawa.nara.jp/office/wp-content/uploads/2021/10/7f946c2f8cabd31ec7f856cc7c0a2f9c.pdf,pdf,5
537,2021-11-01,https://www.vill.tenkawa.nara.jp/office/wp-content/uploads/2021/11/d3ff3db50f56d70b7e5611bb1f9d6194.pdf,pdf,5
538,2021-12-01,https://www.vill.tenkawa.nara.jp/office/wp-content/uploads/2021/12/fe717690a9865dea96c7378150523b29.pdf,pdf,5
539,2022-01-01,https://www.vill.tenkawa.nara.jp/office/wp-content/uploads/2022/01/5243fec5d89a88a8d23076c9c1ca9c5a.pdf,pdf,5
540,2022-02-01,https://www.vill.tenkawa.nara.jp/office/wp-content/uploads/2022/02/5dd93430d076ccf041a3a8d8c98342a8.pdf,pdf,5
541,2022-03-01,https://www.vill.tenkawa.nara.jp/office/wp-content/uploads/2022/03/93bae80105537644a6412a7002cf8572.pdf,pdf,5
542,2022-04-01,https://www.vill.tenkawa.nara.jp/office/wp-content/uploads/2022/04/de238735d3409520bf94bb45c0f63d68.pdf,pdf,5
543,2022-05-01,https://www.vill.tenkawa.nara.jp/office/wp-content/uploads/2022/05/74c8c715bc2c763bd23447c68085b0f5-1.pdf,pdf,5
544,2022-06-03,https://www.vill.tenkawa.nara.jp/office/wp-content/uploads/2022/06/tenkawa_koho_544.pdf,pdf,5
545,2022-07-01,https://www.vill.tenkawa.nara.jp/office/wp-content/uploads/2022/07/koho_tenkawa_545.pdf,pdf,5
546,2022-08-01,https://www.vill.tenkawa.nara.jp/office/wp-content/uploads/2022/07/koho_tenkawa_546.pdf,pdf,4
547,2022-09-05,https://www.vill.tenkawa.nara.jp/office/wp-content/uploads/2022/09/koho_tenkawa_547.pdf,pdf,4
548,2022-10-01,https://www.vill.tenkawa.nara.jp/office/wp-content/uploads/2022/09/koho_tenkawa_548.pdf,pdf,4
549,2022-11-01,https://www.vill.tenkawa.nara.jp/office/wp-content/uploads/2022/11/koho_tenkawa_549.pdf,pdf,4
550,2022-12-01,https://www.vill.tenkawa.nara.jp/office/wp-content/uploads/2022/12/koho_tenkawa_550.pdf,pdf,4
551,2023-01-01,https://www.vill.tenkawa.nara.jp/office/wp-content/uploads/2023/01/koho_tenkawa_551.pdf,pdf,4
552,2023-02-01,https://www.vill.tenkawa.nara.jp/office/wp-content/uploads/2023/02/koho_tenkawa_552.pdf,pdf,4
553,2023-03-01,https://www.vill.tenkawa.nara.jp/office/wp-content/uploads/2023/02/5d5936c97112bdfb650e2502137e7263.pdf,pdf,4
554,2023-04-01,https://www.vill.tenkawa.nara.jp/office/wp-content/uploads/2023/03/7f4fbb2b382014c4f7a68342d2ed962b.pdf,pdf,4
555,2023-05-01,https://www.vill.tenkawa.nara.jp/office/wp-content/uploads/2023/04/777ccf37699e8ec6b54991c2d186ce4d.pdf,pdf,4
556,2023-06-01,https://www.vill.tenkawa.nara.jp/office/wp-content/uploads/2023/06/eead2c3e83a071e1a00bd78ed1512376.pdf,pdf,4
557,2023-07-05,https://www.vill.tenkawa.nara.jp/office/wp-content/uploads/2023/07/90ed4ef599ae28b6b45ddb4d2f3c5965-1.pdf,pdf,4
558,2023-08-01,https://www.vill.tenkawa.nara.jp/office/wp-content/uploads/2023/08/1f8cf3595842d855b67051d302020ffb.pdf,pdf,3
559,2023-09-04,https://www.vill.tenkawa.nara.jp/office/wp-content/uploads/2023/09/defc745176fb5dd3ff8a9265ecaca3c9.pdf,pdf,3
560,2023-10-02,https://www.vill.tenkawa.nara.jp/office/wp-content/uploads/2023/10/9630ef73154f4df3898a97ddc27db1d5.pdf,pdf,3
561,2023-11-01,https://www.vill.tenkawa.nara.jp/office/wp-content/uploads/2023/11/369fc327ebaa8813bf7a33d590df1d10.pdf,pdf,3
562,2023-12-01,https://www.vill.tenkawa.nara.jp/office/wp-content/uploads/2023/12/e810e781d0d5709853302b241a476d51-12.pdf,pdf,3
563,2024-01-04,https://www.vill.tenkawa.nara.jp/office/wp-content/uploads/2024/01/1e1d87c1f145193049dafac23eae153d.pdf,pdf,3
564,2024-02-01,https://www.vill.tenkawa.nara.jp/office/wp-content/uploads/2024/02/06b2f460731ea9649f853651079d2833.pdf,pdf,3
565,2024-03-01,https://www.vill.tenkawa.nara.jp/office/wp-content/uploads/2024/03/5f16bb69a9254378178a56ea51fa977b.pdf,pdf,3
566,2024-04-01,https://www.vill.tenkawa.nara.jp/office/wp-content/uploads/2024/04/ca169d97f7cd98bfe3ba15ced931f880.pdf,pdf,3
567,2024-05-01,https://www.vill.tenkawa.nara.jp/office/wp-content/uploads/2024/05/d22c10cc7a9ebbff0e58a0a5c10a7b99.pdf,pdf,3
568,2024-06-03,https://www.vill.tenkawa.nara.jp/office/wp-content/uploads/2024/06/e68ff6e1742c68a034229c7f56e26d86.pdf,pdf,3
569,2024-07-01,https://www.vill.tenkawa.nara.jp/office/wp-content/uploads/2024/07/1b184b7b332046097cf8bca3887c2475.pdf,pdf,3
570,2024-08-01,https://www.vill.tenkawa.nara.jp/office/wp-content/uploads/2024/08/71b55b27aa260cea046df6b49ed613bd.pdf,pdf,2
571,2024-09-02,https://www.vill.tenkawa.nara.jp/office/wp-content/uploads/2024/09/69114087af60a997f31545762b487ead.pdf,pdf,2
572,2024-10-01,https://www.vill.tenkawa.nara.jp/office/wp-content/uploads/2024/10/f26e56415d5b7d13054ba936b692188d.pdf,pdf,2
573,2024-11-01,https://www.vill.tenkawa.nara.jp/office/wp-content/uploads/2024/11/5dc680081133f222528eeaae3c8fc36f.pdf,pdf,2
574,2024-12-04,https://www.vill.tenkawa.nara.jp/office/wp-content/uploads/2024/12/e347819f29381c79a7649da64956229f.pdf,pdf,2
575,2025-01-06,https://www.vill.tenkawa.nara.jp/office/wp-content/uploads/2025/01/610032cf9882507bc15e0287434bf31b.pdf,pdf,2
576,2025-02-03,https://www.vill.tenkawa.nara.jp/office/wp-content/uploads/2025/02/4a9aa5a65dafccafc9ba9a7915ce3779.pdf,pdf,2
577,2025-03-03,https://www.vill.tenkawa.nara.jp/office/wp-content/uploads/2025/03/11ac3e9400bc219443d49d114479d79a.pdf,pdf,2
578,2025-04-01,https://www.vill.tenkawa.nara.jp/office/wp-content/uploads/2025/04/9a81804af0723aca6c3ba8f7a31aa655.pdf,pdf,2
579,2025-05-01,https://www.vill.tenkawa.nara.jp/office/wp-content/uploads/2025/05/3c1cab15cbcf3a4e21e549663a69d036.pdf,pdf,2
580,2025-06-03,https://www.vill.tenkawa.nara.jp/office/wp-content/uploads/2025/06/3a4a7b29694894a1a193cad58f767e4d.pdf,pdf,2
581,2025-07-01,https://www.vill.tenkawa.nara.jp/office/wp-content/uploads/2025/07/d250362456f2303ee3438eea197937e1.pdf,pdf,2
582,2025-08-01,https://www.vill.tenkawa.nara.jp/office/wp-content/uploads/2025/07/bfbe6f11dd09275e83fa741d12a11f0d.pdf,pdf,1
583,2025-09-01,https://www.vill.tenkawa.nara.jp/office/wp-content/uploads/2025/08/bd463a68524a70681a2d1a725365e55b.pdf,pdf,1
584,2025-10-01,https://www.vill.tenkawa.nara.jp/office/wp-content/uploads/2025/09/5cb4b84beb0ae3e307211140ce8cfb52.pdf,pdf,1
585,2025-11-01,https://www.vill.tenkawa.nara.jp/office/wp-content/uploads/2025/10/f4a3b7e7f035764cfcac5693222e7644.pdf,pdf,1
586,2025-12-01,https://www.vill.tenkawa.nara.jp/office/wp-content/uploads/2025/11/3c0b611ed4ee01c5045cd2c630b1b02b.pdf,pdf,1
587,2026-01-01,https://www.vill.tenkawa.nara.jp/office/wp-content/uploads/2025/12/fc3354d351a72ca209cdaa12f72e7ebb.pdf,pdf,1
588,2026-02-01,https://www.vill.tenkawa.nara.jp/office/wp-content/uploads/2026/01/ddb39330caf78a48aa894f07c3e465b9.pdf,pdf,1
589,2026-03-01,https://www.vill.tenkawa.nara.jp/office/wp-content/uploads/2026/02/6c169d17c0f9f869295db8af16af16f4.pdf,pdf,1
590,2026-04-01,https://www.vill.tenkawa.nara.jp/office/wp-content/uploads/2026/03/1a8e309e20781a1e11d07d4c6a69fd0e.pdf,pdf,1
591,2026-05-01,https://www.vill.tenkawa.nara.jp/office/wp-content/uploads/2026/05/740093dff209ec89599472c99c296224.pdf,pdf,1
592,2026-06-01,https://www.vill.tenkawa.nara.jp/office/wp-content/uploads/2026/05/356b56ce2d231a7af65f0875a646dff3.pdf,pdf,1
593,2026-07-07,https://www.vill.tenkawa.nara.jp/office/wp-content/uploads/2026/07/179d7eb8f9d1072d42380156eb9de07c.pdf,pdf,1
